date,pm25,pm10,no,no2,so2,co,ozone,xylene,temp,humidity,wind_speed,wind_direction,rainfall,total_rf,solar_radiation,vws,AQI
2020-01-01,64.72,101.79,2.82,26.59,8.1,1.14,70.51,1.17,19.81,74.2,2.99,185.41,0,0,78.64,0.13,115.73
2020-01-02,50.87,91.55,3.16,30.49,8.83,1.09,59.92,1.34,19.71,73.21,2.69,188.65,0,0,58.62,0.12,91.55
2020-01-03,52.59,90.53,3.23,23.28,7.55,1.08,61.8,1.09,21.03,78.02,2.57,146.75,0,0,94.54,0.12,90.53
2020-01-04,21.82,48.86,3.88,21.84,9.36,0.95,44.17,0.99,19.45,79.57,2.64,157.11,0,0,83.92,0.13,48.86
2020-01-05,16,43.07,3.03,18.27,9.04,0.84,52.64,0.65,21.07,76.1,2.61,144.45,0,0,107.14,0.1,52.64
2020-01-06,49.68,89.08,2.88,22.25,9.86,0.97,64.75,0.75,20.67,71.52,2.93,144.45,0,0,116.99,0.16,89.08
2020-01-07,54.98,102.78,3.09,27.94,9.75,0.94,69,1.15,19.61,70.99,2.32,162.19,0,0,114.31,0.07,101.85
2020-01-08,49.74,92.68,3.09,27.58,8.43,0.92,70.9,1.99,20.37,69.6,1.21,146.04,0,0,122.04,0.03,92.68
2020-01-09,73.62,212.97,38.9,57.72,6.95,1.25,46.15,7.41,20.43,76.93,1.15,183.57,0,0,105.27,0,175.31
2020-01-10,49.04,87.31,2.7,23.33,8.2,1,56.9,1.19,20.93,79.44,1.98,129.48,0,0,77.01,0.05,87.31
2020-01-11,86.75,140.22,3.04,28,9.64,1.19,73.87,1.29,19.74,77.85,2.48,152.82,0,0,109.9,0.09,189.17
2020-01-12,73,125.39,2.93,32.71,10.29,1.04,83.11,1.14,18.53,71.58,2.09,145.31,0,0,119.44,0.06,143.33
2020-01-13,101.65,238.44,24.37,73.72,13.18,1.47,72.2,4.3,18.2,73.24,1.18,165.85,0,0,130.13,0.03,238.83
2020-01-14,169.47,297.89,35.6,77.94,18.97,2.02,45.93,7.34,18.94,75.75,1.08,174.76,0,0,124.43,0,338.05
2020-01-15,88.61,178.43,20.34,49.7,6.87,1.24,35.1,3.28,19.45,74.31,1.28,152.09,0,0,128.84,0.03,195.37
2020-01-16,71.38,97.38,3.13,31.91,10.15,1.04,75.41,4.12,22.01,69.95,1.98,108.51,0,0,170.1,0.04,137.93
2020-01-17,42.12,81.65,2.82,27.17,9.98,1.05,56.14,1.02,21.53,76.12,2.04,112.55,0,0,93.24,0.05,81.65
2020-01-18,43.2,83.23,4.5,25,7.75,1.03,45.55,0.84,21.9,75.86,1.95,163.48,0,0,119.16,0.05,83.23
2020-01-19,37.89,93.19,15.4,29.96,8.78,1.04,29.61,1.58,21.4,76.95,1.21,188.34,0,0,116.32,0.03,93.19
2020-01-20,28.49,64.79,3.89,24.71,4.95,0.77,47.74,1.42,23.01,74.45,1.28,122.67,0,0,148.55,0.04,64.79
2020-01-21,27.05,57.21,3.12,18.88,8.51,0.8,40.58,0.68,22.18,75.52,1.77,135.41,0,0,123.55,0.06,57.21
2020-01-22,60.35,108.81,3.02,22.33,9.03,1.02,38.01,0.84,22.14,76.54,1.67,136.38,0,0,102.46,0.05,105.87
2020-01-23,75.41,168.98,25.67,48.2,7.58,1.38,27.22,2.92,22.17,76.1,1.09,191.23,0,0,130.86,0.02,151.37
2020-01-24,71.62,167.63,17.19,48.95,8.25,1.42,40.45,3.19,23.51,72.43,1.53,179.09,0,0,148.85,0,145.09
2020-01-25,61.91,144.42,30.24,41.99,8.67,1.22,21.39,3.81,22.67,76.01,1.31,175.62,0,0,119.89,0.03,129.61
2020-01-26,54.38,123.15,6.78,61.09,8.63,0.9,16.73,1.28,20.56,80.54,1.57,250.46,0,0,7,0,115.43
2020-01-27,58.44,114.13,2.85,18.38,8.52,0.9,29.69,0.9,24.6,75.27,1.93,105.15,0,0,163.13,0.04,109.42
2020-01-28,53.17,147.48,21.78,52.37,11.48,1.27,18.24,2.66,23.87,74.85,2.29,209.91,0,0,113.2,-0.06,131.65
2020-01-29,43.83,111.28,12.66,37.99,12.37,1.12,25.6,2.27,24.09,75.41,2.91,204.7,0,0,142.9,-0.09,107.52
2020-01-30,47.25,108.15,16.92,47.62,15.66,1.05,24.56,2.31,23.1,78.58,2.12,215.34,0,0,92.22,-0.04,105.43
2020-01-31,55.72,108.99,7.22,29.73,7.47,0.92,75.18,1.13,24.05,75.24,2.14,167.18,0.01,1,110.02,0.05,105.99
2020-02-01,42.2,63.44,4.67,34.59,5.53,1.02,55.11,1.76,21.96,79.97,1.8,143.57,0.32,19.5,99.68,0.05,70.33
2020-02-02,33.61,50.31,2.94,21.83,8.8,0.89,61.04,0.65,22.3,76.72,2.06,161.32,0,0,105.17,0.05,61.04
2020-02-03,38.59,50.17,2.92,18.26,8.32,0.87,67.13,0.5,22.45,77.57,2.54,155.96,0,0,120.47,0.08,67.13
2020-02-04,44.83,73.06,18.95,59.93,7.99,1.36,39.72,3.22,19.7,83.78,1.07,234.49,0.1,9,30.48,0,74.91
2020-02-05,56.18,131.66,29.89,53.49,5.6,1.23,36.48,4.85,22.63,78.34,1.03,194.39,0,0,124.28,-0.03,121.11
2020-02-06,30.83,60.44,6.15,28.93,5.72,0.89,30.68,0.93,23.12,77.48,1.16,142.78,0,0,128.42,0.04,60.44
2020-02-07,29.63,99.95,21.42,29.61,5.92,0.9,22.76,3.53,23.91,73.6,1.49,180.39,0,0,142.67,-0.08,99.95
2020-02-08,30.54,55.5,3.22,16.17,7.58,0.81,30.63,0.63,22.89,75.23,1.61,134.57,0,0,114.37,0.06,55.50
2020-02-09,24.85,45.7,2.89,17.86,8.89,0.81,33.25,2.27,20.07,73.85,3.24,162.45,0,0,135.86,0.16,45.70
2020-02-10,34.36,60.72,3.23,21.08,8.05,0.85,35.67,0.86,21.36,71.09,2.78,154.39,0,0,132.44,0.11,60.72
2020-02-11,58.3,99.49,2.79,25.21,8.31,0.96,45.85,0.87,22.39,71.18,2.5,159.83,0,0,132.76,0.07,99.49
2020-02-12,62.08,107.12,2.71,27.57,8.07,1.02,46.46,1.2,22.37,70.46,2.03,147.49,0,0,125.38,0.04,106.93
2020-02-13,85.8,183.91,19.67,65.09,10.05,1.32,33.25,6.3,22.95,71.53,1.48,201.37,0,0,152.88,0.01,186.00
2020-02-14,69.96,128.13,3.36,49.77,6.18,1.14,28.1,2.3,22.41,75.64,1.66,209.9,0,0,62.55,-0.01,133.20
2020-02-15,68.99,146.21,2.48,51.43,8.88,1.27,23.35,2.81,23.77,75.19,1.47,200.93,0,0,149.34,-0.02,130.81
2020-02-16,52.25,113.52,2.1,39.67,7.36,0.97,18.81,2.22,24.12,75.22,1.51,191.27,0,0,146.4,-0.03,109.01
2020-02-17,40.79,121.95,2.57,47.1,5.65,1.03,13.96,2.98,23.73,72.11,1.63,199.29,0,0,130.26,-0.04,114.63
2020-02-18,42.08,105.51,2.33,41.75,4.78,1.03,14.72,3.03,24.08,74.16,1.73,201.07,0,0,125.17,-0.04,103.67
2020-02-19,46.43,91.31,2.19,32.11,7.1,0.92,14.67,1.74,24.23,73.5,1.58,182.26,0,0,126.72,-0.01,91.31
2020-02-20,38.3,68.77,2.11,17.79,3.29,0.92,17.51,0.99,24.83,65.92,1.58,102.15,0,0,154.42,0.07,68.77
2020-02-21,30.31,60,2.32,23.25,1.63,0.85,14.94,0.86,22.03,70.23,0.59,190.38,0,0,7,0,60.00
2020-02-22,32.24,71.51,2.3,25.8,7.35,0.59,25.98,1.19,24.98,60.71,2.7,109.93,0,0,163.44,0.07,71.51
2020-02-23,48.61,128.14,2.58,47.95,3.79,1.1,22.51,3.99,23.22,66.8,1.69,162.54,0,0,148.33,0.04,118.76
2020-02-24,53.15,147.85,2.23,41.78,3.64,1.24,21.11,4.69,24.04,72.38,1.9,181.16,0,0,152.43,-0.01,131.90
2020-02-25,36.31,75.96,2.46,37.18,6.05,1.24,20.05,2.6,24.85,71.43,2.1,189.19,0,0,123.4,-0.06,75.96
2020-02-26,43.89,109.34,2.11,40.96,4.98,1.28,21.66,3.33,24.8,74.08,1.77,166.79,0,0,122.83,0.04,106.23
2020-02-27,29.59,58.26,2.03,24.07,7.62,0.93,24.3,1.3,24.24,66.07,2.2,139.59,0,0,154.77,0.07,58.26
2020-02-28,46.47,115.93,2.67,40.19,6.07,1.03,21.7,3.74,23.77,66.9,1.51,164.69,0,0,156.34,0.04,110.62
2020-02-29,52.59,134.77,2.53,37.91,7.89,0.96,20.74,4.5,23.8,67.82,1.37,171.74,0,0,143.22,0.03,123.18
2020-03-01,50.18,134.75,2.39,45.66,8.02,0.94,18.45,3.43,23.61,67.75,0.88,194.42,0,0,89.1,-0.02,123.17
2020-03-02,56.06,113.44,3.07,49.11,9,1.17,16.78,2.96,25.24,67.68,2.08,188.32,0,0,114.4,-0.01,108.96
2020-03-03,68.53,157.65,2.54,53.73,6.79,1.19,14.1,3.26,24.52,71.54,1.55,202.91,0,0,114.66,-0.04,138.43
2020-03-04,48.51,105.14,2.31,34.68,9.23,1.11,15.66,2.19,24.72,72.61,2,189.79,0,0,137.56,-0.05,103.43
2020-03-05,19.32,46.65,1.98,20.14,9.3,0.87,14.6,1.16,25.35,71.75,2.41,173.53,0,0,170.9,-0.08,46.65
2020-03-06,14.95,39.83,2.03,15.07,7.99,0.63,12.7,0.84,25.73,72.83,1.42,158.06,0,0,139.44,-0.04,39.83
2020-03-07,14.27,37.92,2,16.63,8.5,0.73,12.83,1.3,25.95,74.02,2.65,165.72,0,0,112.48,-0.08,37.92
2020-03-08,18.14,75.01,2.26,29.26,11.61,0.92,11.18,1.98,26.02,74.03,2.44,200.28,0,0,167.24,-0.05,75.01
2020-03-09,19.11,52.39,2.07,23.42,11.29,0.74,12.3,1.78,26.57,74.72,1.81,182.05,0,0,141.64,-0.01,52.39
2020-03-10,16.41,47.74,1.91,23.1,9.39,0.74,12.04,1.3,26.25,73.53,2.54,194.84,0,0,183.29,-0.05,47.74
2020-03-11,20.3,59.4,2.09,24.97,9.21,0.78,11.67,2,26.28,73.26,2.78,201.18,0,0,177.59,-0.07,59.40
2020-03-12,23.8,55.38,2.17,24.29,10.82,0.61,12.14,1.65,26.78,73.76,2.48,190.26,0,0,173.18,-0.06,55.38
2020-03-13,21.94,51.68,2.17,19.14,8.53,0.47,13.37,0.74,27.11,74.85,2.16,167.24,0,0,194.94,-0.01,51.68
2020-03-14,30.97,84.37,3,29.26,8.61,0.8,13.23,1.54,26.18,73,1.79,176.42,0,0,183.22,0,84.37
2020-03-15,33.74,94.24,2.27,28.49,4.28,0.86,14.51,2.83,26.2,72.73,1.86,144.45,0,0,177.82,0.07,94.24
2020-03-16,51.43,111.08,2.21,32.51,7.32,0.9,15.58,2.66,26.77,73.17,1.7,153.91,0,0,172.89,0.03,107.39
2020-03-17,31.8,113.17,1.87,40.6,6.74,1.08,15.36,2.66,27.07,73.32,1.8,185.76,0,0,173.64,0,108.78
2020-03-18,33.27,100.02,7.68,50.84,7.63,0.93,15.55,3.67,26.43,71.84,2.16,207.73,0.01,0.5,158.16,-0.03,100.01
2020-03-19,42.26,113.19,22.78,53.67,7.44,1.11,41.62,6.16,25.6,74.54,1.78,187.84,0,0,146.98,0,108.79
2020-03-20,24.97,69.94,13.51,38.39,12.58,0.89,36.09,5.54,24.68,72.67,1.88,178.78,0.01,1,151.56,0.06,69.94
2020-03-21,20.71,60.93,8.53,32.75,11.12,0.74,18.75,2.91,25.93,70.98,2.57,197.8,0,0,177.83,-0.06,60.93
2020-03-22,24.61,70.53,13.48,24.94,10.21,0.66,21.34,1.64,26.56,73.12,2.59,203.92,0,0,264.27,-0.06,70.53
2020-03-23,19.18,42.44,8.91,22.98,9.58,0.68,24.61,1.28,25.33,75.19,2.64,191.71,0.01,0.5,141.21,-0.02,42.44
2020-03-24,40.22,97.51,15.14,41.02,19.1,0.66,34.43,3.36,25.78,74.54,1.74,193.25,0,0,171.01,0.01,97.51
2020-03-25,24.12,66,8.6,27.37,9.9,0.82,19.77,1.3,26.93,74.46,2.21,208.78,0,0,166.02,-0.03,66.00
2020-03-26,20.5,53,6.11,24.54,7.8,0.55,13.03,0.42,23.67,80.56,2.1,253.33,0,0,6.17,0,53.00
2020-03-27,32.12,90.79,7.38,24.19,10.97,0.11,37.88,1.32,31.47,63.09,2.56,198.64,0,0,263.61,-0.01,90.79
2020-03-28,32.33,85.98,7.25,24.69,12.57,0.11,42.65,1.54,29.89,68.32,2.16,200.52,0,0,188.88,-0.02,85.98
2020-03-29,22.35,57.88,7.13,22.96,11.2,0.11,43.77,1.57,30.73,66.2,1.92,202.65,0,0,226.43,0,57.88
2020-03-30,20.88,62.16,6.08,23.79,10.54,0.11,60.5,1.61,30.95,66.24,2.37,171.24,0,0,248.98,0.01,62.16
2020-03-31,19.5,54.22,6.79,25.5,8.75,0.11,47.38,1.22,30.02,66.26,1.95,190.08,0,0,162.55,0,54.22
2020-04-01,30.6,75.35,10.09,33.21,7.35,0.11,22.68,1.87,30.25,68.72,2.23,196.59,0,0,185.01,-0.01,75.35
2020-04-02,24.19,66,13.77,33.1,5.67,0.11,8.89,1.07,29.84,67.93,2.79,208.14,0,0,159.79,-0.04,66.00
2020-04-03,30.54,75.01,14.51,33.21,7.18,0.11,11.09,1.06,29.17,71.03,2.5,203.24,0,0,180.43,-0.05,75.01
2020-04-04,25.71,57.66,12.43,29.29,5.39,0.11,11.7,0.83,28.15,73.95,2.7,197.62,0,0,180.28,-0.06,57.66
2020-04-05,22.12,52.41,13.49,30.79,5.5,0.11,9.38,0.98,28.41,71.43,2.51,200.56,0,0,178.31,-0.03,52.41
2020-04-06,16.72,43.24,15.59,29.01,6.26,0.11,6.61,1.07,29.29,73.29,2.55,201.94,0,0,175.43,-0.04,43.24
2020-04-07,13.95,46.58,15.6,28.66,7.38,0.11,7.88,0.95,29.48,71.14,2.61,195.67,0,0,163.02,-0.06,46.58
2020-04-08,8.77,28.47,15.35,23.53,6.44,0.11,9.76,1.16,28.71,72.93,3.03,200.97,0.01,0.5,168.69,-0.04,29.41
2020-04-09,20.43,54.51,9.93,34.3,8.24,0.11,32.67,1.23,27.41,68.41,1.63,157.03,0,0,87.93,0.02,54.51
2020-04-10,22.84,66.68,11.15,32.66,6.62,0.11,21.81,1.05,28.57,69.82,2.48,195.4,0,0,204.41,-0.03,66.68
2020-04-11,16.16,37.61,12.27,26.81,5.62,0.11,14.34,0.89,28.4,74.81,2.45,196.59,0,0,183.42,-0.02,37.61
2020-04-12,15.19,44.48,13.55,29.47,7.44,0.11,17.08,1.12,29.12,73.47,2.43,199.44,0,0,202.35,-0.02,44.48
2020-04-13,20.93,69.59,13.83,31.61,6.78,0.11,15.71,1.14,29.55,72.64,2.61,212.13,0,0,192.2,0,69.59
2020-04-14,19.11,65.27,14.39,29.13,7.4,0.11,13.73,0.99,28.8,75.47,2.78,204.52,0,0,182.86,-0.03,65.27
2020-04-15,20.73,70.81,13.9,32.86,7.33,0.11,14.08,1.35,29.18,72.23,2.91,208.33,0,0,185.69,-0.04,70.81
2020-04-16,20.86,77.93,13.83,36.41,9.45,0.11,15.13,2.44,29.52,71.17,2.72,211.4,0,0,172.6,-0.04,77.93
2020-04-17,16.55,64.15,12.82,31.71,5.69,0.11,12.09,1.4,29.43,73.1,3.28,202.51,0,0,176.51,-0.07,64.15
2020-04-18,9.34,52.61,11.69,30.59,8.04,0.11,10.63,2.01,29.39,72.04,3.32,207.44,0,0,146.53,-0.06,52.61
2020-04-19,14.04,56.45,15.94,33.01,9.14,0.11,10.43,1.12,29.67,71.84,2.72,205.33,0,0,140.84,-0.05,56.45
2020-04-20,9.56,33.55,15.83,29.63,7.19,0.11,9.61,0.92,29.03,73.87,3.09,204.08,0,0,166.37,-0.04,37.04
2020-04-21,10.76,49.74,16.23,24.29,4.52,0.11,10.79,1.01,28.94,72.36,2.88,190.11,0,0,163.46,-0.05,49.74
2020-04-22,8.7,33.95,8.34,25.21,7.16,0.11,11.82,0.73,29.06,72.96,3.04,185.28,0,0,172.43,-0.08,33.95
2020-04-23,8.28,37.03,11.39,24.77,6.42,0.11,10.29,0.76,29.99,71.56,3.16,204.21,0,0,204.21,-0.05,37.03
2020-04-24,46.51,114.4,17.13,36.64,11.29,0.62,22.76,1.85,28.27,70.84,1.65,217.34,0.03,0,112.6,-0.06,109.60
2020-04-25,46.51,114.4,17.13,36.64,11.29,0.62,22.76,1.85,28.27,70.84,1.65,217.34,0.03,0,112.6,-0.06,109.60
2020-04-26,10.41,29.24,4.5,19.19,5.91,0.11,11.17,1.49,30.59,73.2,2.06,175.3,0,0,255.95,-0.07,29.24
2020-04-27,11.66,40.67,3.34,21.92,5.97,0.11,21.23,1.24,26.21,72.42,2.15,192.97,0.7,46,185.14,0.02,40.67
2020-04-28,13.25,50.41,0.67,15.21,5.88,0.11,29.32,0.85,29.3,71.44,1.58,159.71,0.01,0.5,248.1,-0.01,50.41
2020-04-29,7.57,44.13,1.96,18.97,8.49,0.11,20.89,1.31,28.46,72.61,1.67,208.49,0,0,178.01,-0.02,44.13
2020-04-30,17.76,64.15,1.86,15.91,7.68,0.11,30.68,1.68,28.95,72.73,1.66,168.2,0,0,189.63,-0.02,64.15
2020-05-01,11.73,47.46,2.42,18.13,7.9,0.11,28.38,0.74,28.6,73.18,2.14,199.22,0.17,15,185.22,-0.02,47.46
2020-05-02,24.49,87.16,0.83,23.56,6.82,0.11,38.05,2.39,28.15,71.98,1.66,214.56,0,0,170.71,-0.02,87.16
2020-05-03,18.26,61.78,2.62,25.11,5.55,0.11,21.99,2.49,28.31,74.45,2.64,213.58,0.01,0.5,159.6,-0.04,61.78
2020-05-04,17.76,71.3,1.26,15.04,9.36,0.11,16.32,1.05,29.29,76.46,1.84,187.69,0,0,129.65,-0.07,71.30
2020-05-05,8.69,44.62,2.17,12.71,8.71,0.11,14.09,0.72,30.12,74.14,2.32,190.46,0,0,177.76,-0.08,44.62
2020-05-06,8.8,43.16,2.76,19.42,8.8,0.11,14.88,2.22,29,73.73,1.91,213.65,0,0,167.88,-0.02,43.16
2020-05-07,11.55,50.17,1.63,18.18,9.02,0.11,18.27,1.26,29.58,71.38,1.71,203.58,0,0,186.82,0,50.17
2020-05-08,12.49,50.9,2.87,18.15,10.5,0.11,12.39,1.62,30.22,72.81,2.29,209.84,0,0,190.97,-0.04,50.90
2020-05-09,9.42,39.24,1.5,12.77,7.55,0.11,12.35,0.83,29.88,76.63,2.01,190.49,0.01,0.5,165.2,-0.04,39.24
2020-05-10,17.54,59.84,0.92,24.89,6.27,0.11,24.16,2.92,28.33,71.96,1.72,211.92,0.02,1.5,161.26,-0.03,59.84
2020-05-11,13.74,51.04,1.69,13.85,6.18,0.11,11.87,0.73,29.23,76.73,1.3,165.11,0,0,153.35,-0.01,51.04
2020-05-12,6.95,42.55,1.42,12.72,6.46,0.11,20.82,0.42,29.55,72.27,1.34,161.51,0,0,180.23,-0.01,42.55
2020-05-13,9.06,50.24,2.19,14.21,6.86,0.11,14.43,0.78,29.24,70.76,1.61,183.79,0,0,193.9,-0.01,50.24
2020-05-14,12.47,45.86,3.14,11.99,7.9,0.11,15.72,0.63,29.9,73.12,1.43,176.38,0,0,201.83,0.02,45.86
2020-05-15,11.47,40.84,3.42,11.25,10.06,0.11,18.4,0.94,30.25,73.35,1.48,152.22,0,0,193.08,0.05,40.84
2020-05-16,2,18.49,1.37,10.56,9.35,0.11,20.33,0.43,31.64,70.58,1.88,126.75,0,0,225.54,0.06,20.33
2020-05-17,5.61,18.6,1.1,12.21,8.53,0.11,17.18,0.29,30.49,71.37,1.79,131.89,0,0,184.12,0.07,18.60
2020-05-18,11.42,37.75,1.55,18.39,7.97,0.11,18.47,0.87,30.88,64.9,2.15,191.89,0,0,81.04,0.08,37.75
2020-05-19,29.86,84.29,2.58,31.55,11.33,0.11,24.49,1.41,32.99,52.93,2.69,271.87,0,0,36.63,0.07,84.29
2020-05-20,66.29,204.3,14.77,60.57,8.23,0.11,39.12,3.19,34.3,55.77,1.35,230.43,0,0,125.39,-0.01,169.53
2020-05-21,44.51,149.24,3.23,47.78,11.69,0.11,33.37,0.98,33.03,66.81,2.68,206.23,0,0,170.66,-0.04,132.83
2020-05-22,22.5,85.52,4.21,38.22,6.38,0.11,32.42,0.68,31.74,77.01,2.35,199.48,0,0,180.92,-0.06,85.52
2020-05-23,15.95,82.12,2.89,23.41,8.17,0.11,36.46,0.72,31.44,75.46,2.91,182.32,0,0,172.99,-0.06,82.12
2020-05-24,11.46,72.46,1.48,21.27,9.48,0.11,26.78,0.68,31.24,74.24,2.88,191.34,0,0,143.76,-0.05,72.46
2020-05-25,17.49,72.65,2.3,19.91,7.14,0.11,24.99,0.61,31.08,74.86,3.24,193.18,0,0,140.78,-0.07,72.65
2020-05-26,13.25,69.94,1.88,20.34,9.35,0.11,23.57,0.86,30.86,74.04,3.27,191.56,0,0,157.87,-0.06,69.94
2020-05-27,27.85,117.15,1.68,20.13,8.47,0.59,28.57,0.9,31.51,70.94,3.3,194.27,0,0,175.69,-0.06,111.43
2020-05-28,25.47,100.55,1.69,20.07,8.18,0.66,23.77,0.86,31.17,75.6,3.47,196.14,0,0,147.07,-0.06,100.37
2020-05-29,17.73,63.08,3.43,27.23,8.81,0.61,23.28,1.27,30.65,77.19,2.25,185.05,0.02,1.5,174.05,-0.03,63.08
2020-05-30,28.85,86.28,7.16,50.22,16.45,0.84,13.76,1.97,28.91,77.79,1.06,221.92,0,0,57.05,0,86.28
2020-05-31,21.07,87.22,2.73,25.17,5.48,0.54,17.85,0.89,30.95,76.82,1.86,186.08,0,0,172.78,-0.03,87.22
2020-06-01,15.32,77.8,2.54,20.56,5.82,0.5,26.85,0.84,30.67,75.89,2.33,183.64,0,0,152.82,-0.03,77.80
2020-06-02,10.35,47.53,4.02,21.62,9.24,0.49,20.72,0.84,30.95,75.26,2.1,185.11,0.01,0.5,187.54,-0.03,47.53
2020-06-03,18.93,99.28,5.43,29.22,6.68,0.58,25.57,1.16,31.01,73.16,1.75,191.53,0,0,173.23,-0.03,99.28
2020-06-04,20.32,81.16,4.32,36.32,7.53,0.73,25.51,1.64,28.67,77.3,1.45,218.87,0.04,3.5,99.69,-0.01,81.16
2020-06-05,29.23,105.03,2.79,44.77,12.06,0.82,23.26,1.52,28.43,80.57,1.32,226.03,0,0,71.69,-0.02,103.35
2020-06-06,20.09,72.73,4.01,39.79,6.94,0.62,28.58,1.51,29.98,74.74,2.25,210.43,0.03,3,156.63,-0.03,72.73
2020-06-07,28.13,98.99,3.14,35.29,5.73,0.57,32.78,1.13,30.19,75.39,1.63,183.34,0,0,102.18,-0.03,98.99
2020-06-08,31.01,124.41,7.36,41.96,7.07,0.63,36.81,1.76,29.88,72.66,1.66,182.41,0.13,12.5,126.63,0,116.27
2020-06-09,33.04,87.33,5.02,50.41,5.09,0.89,34.16,2.52,28.14,76.68,1.2,200.2,0.04,3.5,131.36,-0.01,87.33
2020-06-10,31.58,76.62,5.01,44.28,6.09,0.68,36.02,2.07,27.63,78.29,1.42,183.37,0.17,14.5,115.44,0.02,76.62
2020-06-11,38.03,103.35,11.97,53.08,5.47,0.71,25.4,3.42,24.85,83.49,1.11,211.25,0.05,3.5,80.09,0,102.23
2020-06-12,37.6,74.18,12.51,53.57,5.33,0.99,17.56,2.87,24.77,86.2,0.74,243.62,0.13,9.5,32.23,0,74.18
2020-06-13,23.15,88.2,3.93,39.08,11.17,0.67,27.99,1.3,29.34,74.05,2.25,215.16,0,0,175.01,-0.05,88.20
2020-06-14,21.38,84.37,2.96,33.72,9.82,0.6,30.7,0.97,30.07,74.76,2.57,205.65,0,0,140.66,-0.05,84.37
2020-06-15,25.98,101.95,4.06,38.9,8.02,0.69,28.25,1.54,30.47,74.82,2.48,209.73,0,0,126.26,-0.05,101.30
2020-06-16,22.33,84.64,6.54,40.17,10.69,0.62,21.45,1.71,27.39,78.86,2.66,219.09,0.08,6.5,69.03,-0.04,84.64
2020-06-17,16.98,71.46,6,35.51,11.01,0.53,26.59,1.41,27.72,78.6,2.98,207.34,0.03,3,108.08,-0.06,71.46
2020-06-18,20.36,88.07,5,42.38,11.16,0.67,27.55,1.7,28.87,74.29,2.68,220.56,0,0,89.74,-0.04,88.07
2020-06-19,13.77,65.07,6.86,40.82,13.47,0.86,26.41,1.46,30.28,69.65,2.75,237.6,0,0,109.71,-0.02,65.07
2020-06-20,26.92,86.84,4.3,37.58,12.3,0.76,43.2,1.99,31.01,70.63,2.03,197.16,0,0,122.52,0.01,86.84
2020-06-21,27.61,95.65,7.76,41.63,11.38,0.7,35.57,1.61,29.09,72.57,1.47,224.01,0,0,52.21,0,95.65
2020-06-22,33.03,108.24,5.1,42.59,13.82,0.73,36.13,2.33,31.96,66.55,2.37,227.44,0,0,164.8,-0.02,105.49
2020-06-23,25.22,85.47,3,34.95,12.27,0.54,42.98,1.3,30.75,71.64,2.6,200.49,0,0,181.39,-0.02,85.47
2020-06-24,32.43,84.94,1.3,22.55,9.74,0.53,35.97,1.56,29.96,78.81,2.66,159.49,0,0,167.35,-0.04,84.94
2020-06-25,13.22,58,2.78,22.1,8.76,0.41,29.52,0.91,29.86,75.67,1.88,172.63,0,0,183.33,-0.01,58.00
2020-06-26,7.92,32.55,6.13,23.29,6.66,0.44,19.79,1.48,29.67,75.43,1.87,191.27,0,0,162.65,-0.02,32.55
2020-06-27,16.42,54.86,8.28,25.49,8.11,0.48,23.04,0.73,29.63,75.29,2.67,200.59,0,0,180.06,-0.04,54.86
2020-06-28,24.63,71.98,3.77,26.25,12.8,0.51,30.71,0.37,29.9,75.07,2.61,194.28,0,0,141.76,-0.05,71.98
2020-06-29,22.73,64.89,4.08,29.03,8.56,0.45,31.92,0,29.82,76.78,2.2,194.91,0.01,0.5,140.64,-0.03,64.89
2020-06-30,15.99,49.83,4.25,29.91,9.21,0.52,28.49,0,29.89,75.63,1.86,202.29,0.03,2.5,170.08,0,49.83
2020-07-01,22.08,64.53,5.11,32.96,7.28,0.58,30.11,1.85,27.8,77.14,2.37,218.18,0.01,1,130.88,-0.01,64.53
2020-07-02,20.92,57.42,4.7,35.51,9.05,0.61,27.94,2.4,26.54,77.57,2.15,237.1,0.09,8,99.22,-0.02,57.42
2020-07-03,24.66,74,4.86,37.25,7.25,0.59,34.96,3.55,27.45,78.52,1.94,228.56,0,0,101.33,0,74.00
2020-07-04,26.94,68.72,9.32,41.16,8.54,0.71,15.12,1.24,25.38,81.44,2.28,242.4,0.02,1.5,42.89,0,68.72
2020-07-05,20.72,55.11,8.42,36.38,7.3,0.56,17.69,0.84,25.23,80.69,2.98,234.92,0.05,4.5,79.13,-0.01,55.11
2020-07-06,31,81.55,11.65,38.4,8.94,0.79,16.89,1.16,24.47,82.27,2.54,235.09,0.05,4.5,40.68,-0.01,81.55
2020-07-07,34.51,126.98,6.78,36.62,8.01,0.65,25.88,0.97,28.74,77.04,2.79,204.08,0,0,133.96,-0.04,117.99
2020-07-08,31.18,99.96,3.37,32.63,9.37,0.64,28.2,0.75,28.86,77.96,2.38,189.57,0,0,129.86,-0.03,99.96
2020-07-09,23.29,78.67,4.91,35.94,7.48,0.65,26.97,0.37,29.58,75.42,2.49,202.96,0.01,0.5,153.84,-0.02,78.67
2020-07-10,25.38,90.08,4.15,44.37,8.81,0.57,24.76,0.57,29.82,73.19,2.91,208.04,0,0,184.98,-0.04,90.08
2020-07-11,31.46,104.47,5.27,46.22,11.09,0.7,30.54,0.39,30.1,72.71,2.46,222.4,0,0,163.69,-0.02,102.98
2020-07-12,26.02,80.5,5.06,42.3,7.87,0.59,28.43,0.33,28.4,76.2,2.63,222.99,0.04,3.5,132.05,-0.02,80.50
2020-07-13,27.02,77.34,15.5,48.05,7.57,0.68,23.22,0.38,27.55,74.66,1.91,226.96,0.2,17,129.21,0,77.34
2020-07-14,29.89,83.7,11.18,47.5,8.06,0.69,23.4,0.4,25.94,80.06,2,222.6,0.32,28,103.6,-0.01,83.70
2020-07-15,28.04,70.31,11.37,42.76,7.05,0.72,17.41,0.42,25.3,81.4,1.98,219.65,0.02,1.5,53.99,-0.02,70.31
2020-07-16,21.36,62.82,12.21,42.57,12.15,0.74,18.33,0.41,26.69,76.89,2.95,214.94,0,0,105.59,-0.03,62.82
2020-07-17,24.48,70.58,12.03,42.07,6.31,0.88,20.5,0.53,26.79,79.21,2.19,218.12,0,0,69.96,-0.02,70.58
2020-07-18,19.41,61.97,4.78,32.38,6.71,0.56,27.4,0.33,29.03,76.47,2.35,198.69,0,0,189.8,-0.05,61.97
2020-07-19,25.99,86.09,4.17,34.21,9.24,0.66,26.79,0.38,29.52,74.45,2.49,206.03,0,0,184.36,-0.03,86.09
2020-07-20,30.73,88.76,3.89,37.04,3.66,0.73,28.91,0.42,29.05,77.34,2.83,200.65,0.03,2.5,131.55,-0.06,88.76
2020-07-21,17.82,55.12,5.66,30.92,6.97,0.6,21.78,0.35,28.62,77.56,2.93,207.05,0.07,6.5,152.06,-0.04,55.12
2020-07-22,18.35,66.33,11.72,34.52,10.41,0.7,21.21,0.39,29.02,76.21,2.8,216,0,0,115.68,-0.03,66.33
2020-07-23,26.52,65.07,14.5,41.6,9.2,0.74,18.96,0.43,27.54,78,2.14,237.66,0,0,61.48,0,65.07
2020-07-24,28.57,77.3,14.68,38.97,12.22,1.63,19.29,0.92,26.68,76.61,1.46,239.17,0.21,19,70.88,0,81.50
2020-07-25,32.8,96.64,18.86,21.6,5.83,0.66,30.17,0.39,28.5,77.11,1.47,183.7,0,0,181.75,-0.01,96.64
2020-07-26,21.96,57.49,3.13,20.49,7.47,0.55,34.29,0.31,29.79,75.47,1.97,195.31,0,0,191.53,-0.02,57.49
2020-07-27,32.59,93.98,5.85,26.53,8.43,0.68,40.51,0.39,30.11,73.35,1.49,211.91,0,0,156.66,0,93.98
2020-07-28,30.31,85.13,9.17,17.42,6.86,0.35,45.39,0.16,30.1,74.86,1.2,157.19,0.03,2.5,178.87,0.02,85.13
2020-07-29,24.17,57.24,5.27,18.37,7.56,0.22,33.69,0.24,28.64,76.15,1.55,159.64,0.01,0.5,181.25,0.02,57.24
2020-07-30,17.61,51.35,10.35,14.38,8.2,0.38,23.29,0.49,29.43,73.93,1.54,171.75,0.01,0.5,162.31,0.02,51.35
2020-07-31,20.98,62.44,9.14,18.37,9.11,0.33,24.5,0.46,29.81,73.74,2.14,199.88,0,0,177.22,-0.03,62.44
2020-08-01,32.26,76.18,2.13,24.47,7.32,0.43,29.97,0.5,29.03,76.71,1.98,221.89,0,0,71.84,-0.04,76.18
2020-08-02,22.19,58.77,4.47,25.21,9.94,0.37,32.48,0.47,29.47,73.07,2.03,225.19,0,0,157.91,0,58.77
2020-08-03,22.53,50.92,3.48,25.02,9.67,0.47,32.59,0.54,29.7,71.63,2.32,239.36,0,0,102.55,-0.01,50.92
2020-08-04,17.67,44.26,5.04,26.18,10.4,0.4,21.83,0.36,27.29,74.14,3.13,246.05,0,0,87.78,-0.03,44.26
2020-08-05,17.17,48.49,7,25.57,9.82,0.4,19.36,0.19,25.43,79.04,3.59,218.23,0.02,2,64.61,-0.09,48.49
2020-08-06,21.81,76.86,3.54,22.13,9.03,0.43,26.01,0.21,27.81,75.59,3.38,207.88,0,0,88.45,-0.1,76.86
2020-08-07,31.95,96.03,7.37,28.97,9.69,0.34,19.77,0.16,28.2,79.41,2,220.99,0,0,39.28,-0.03,96.03
2020-08-08,21.94,59.15,3.48,22.63,6.2,0.32,24.87,3.67,31.29,67.55,2.6,249.46,0,0,150.25,0.08,59.15
2020-08-09,28.3,77.38,6.44,23.63,13.61,0.31,28.43,0.12,27.89,72.84,1.62,221.21,0,0,72.59,0,77.38
2020-08-10,24.51,67.56,5.39,24.7,7.1,0.3,21.12,0.13,27.23,74.11,2.74,230.91,0,0,108.54,-0.04,67.56
2020-08-11,24.37,83.8,2.59,24.52,7.58,0.37,30.36,0.16,28.51,70.61,2.95,221.76,0,0,144.87,-0.06,83.80
2020-08-12,24.26,51.58,4.65,23.92,9.6,0.36,20.19,0.16,26.3,77.54,3.15,242.29,0,0,65.09,0,51.58
2020-08-13,21.95,41.62,9.03,23.53,9,0.41,17.88,0.21,23.5,84.75,2.23,246.13,0.12,11,47.75,0,41.62
2020-08-14,19.3,35.61,11.84,26.57,14.31,0.27,15.94,0.11,21.54,87.23,2.21,230.82,0.4,33,25.63,-0.02,35.61
2020-08-15,17.26,33.35,7.63,22.4,10.63,0.33,16.65,0.15,21.01,86.19,3.58,216.92,0.07,6.5,41.76,-0.05,33.35
2020-08-16,17.43,50.83,6.94,23.95,13.32,0.33,19.48,0.14,24.41,80.06,3.46,215.13,0.01,0.5,85.11,-0.03,50.83
2020-08-17,21.38,75.06,3.81,25.16,8.9,0.32,24.45,0.14,26.41,76.4,3.37,210.34,0.01,0.5,116,-0.03,75.06
2020-08-18,28.91,92.58,12.9,32.47,11.37,0.34,21.93,0.15,27.16,77.37,2.35,217.84,0.01,1,85.71,-0.02,92.58
2020-08-19,20.69,61.56,13.73,31.25,17.84,0.33,18.17,0.57,27.04,74.92,2.48,243.84,0.01,0.5,87.1,0,61.56
2020-08-20,18.91,61.3,11.39,27.08,13.2,0.3,17.55,0.72,24.7,78.76,3.57,220.83,0.01,0.5,72.17,-0.02,61.30
2020-08-21,20.04,56.74,4.4,24.05,9.15,0.23,23.67,0.43,26.02,77.39,3.63,211.14,0.05,4,102.49,-0.06,56.74
2020-08-22,27.05,73.49,7.18,28.54,11.49,0.29,21.57,0.55,25.47,82.52,2.6,213.97,0.09,8.5,74.63,-0.05,73.49
2020-08-23,32.79,80.89,3.89,28.26,14.38,0.3,29.06,0.56,27.67,77.44,2.92,212.98,0,0,143.69,-0.03,80.89
2020-08-24,34.47,89.4,10.47,34.88,10.7,0.36,26.26,1.69,28.17,78.7,2.03,225.11,0.01,0.5,140.52,-0.02,89.40
2020-08-25,35.77,86.3,16,34.58,7.75,0.37,25.3,1.83,27.99,78.69,1.84,230.44,0.07,6,94.8,0,86.30
2020-08-26,56.83,106.97,21.84,34.88,7.57,0.41,20.11,2.27,26.78,78.39,1.16,232.09,0,0,70.45,0,104.65
2020-08-27,46.51,73.7,5.35,26.69,10.11,0.35,21.79,1.01,27.39,75.42,2.56,237,0,0,110.42,-0.01,77.52
2020-08-28,46.51,93.26,5.29,26.58,15.91,0.28,39.4,2.22,27.68,75.85,3.1,212.18,0,0,165.83,-0.05,93.26
2020-08-29,46.51,81.38,2.82,31.02,13.29,0.35,46.61,1.94,28.69,76.62,2.97,204.27,0,0,173.76,-0.04,81.38
2020-08-30,46.51,108.56,4.12,44.8,15.98,0.34,41.07,1.64,29.46,75.76,2.34,207.15,0,0,162.91,-0.04,105.71
2020-08-31,46.51,110.28,6.03,44.98,11.58,0.35,43.04,1.73,29.77,77.51,1.91,207.89,0,0,150.6,0,106.85
2020-09-01,35.47,93.41,29.38,44.55,11.68,0.46,37.21,3.17,28.14,76.23,1.41,205.87,0.14,13,130.33,0,93.41
2020-09-02,23.11,52.37,10.78,19.33,8.66,0.38,36.63,2.48,26.82,78.93,1.24,173.35,0.35,30.5,113.99,0.02,52.37
2020-09-03,28.46,64.28,25.87,28.9,5.76,0.42,34.32,1.12,27.88,78.27,1.11,139.68,0,0,168.1,0.02,64.28
2020-09-04,20.05,60.87,30.98,18.57,7.82,0.35,18.48,0.79,29.13,74.56,1.37,169.77,0.01,0.5,179.26,0.02,60.87
2020-09-05,21.5,69.44,1.08,22.09,8.22,0.31,21.29,1.55,29.23,75.2,1.68,193.2,0,0,170.27,0,69.44
2020-09-06,17.67,52.39,1.06,19.78,8.35,0.32,17.33,0.92,29.32,75.38,1.98,198.67,0.01,1,162.9,0,52.39
2020-09-07,17.51,53.07,1.1,25.12,9.45,0.36,20.3,1.11,29.87,73.83,2.01,202.63,0,0,179.3,0,53.07
2020-09-08,15,46.38,0.98,22.08,9.47,0.4,18.82,0.96,29.99,72.52,2.11,198.01,0,0,183.01,0,46.38
2020-09-09,20.09,50.81,1.25,25.35,8.12,0.27,16.84,1.03,29.94,72.51,1.93,202.91,0,0,185.78,0,50.81
2020-09-10,23.64,64.73,0.89,33.18,9.41,0.27,23.17,1.37,29.54,73.32,1.87,213.92,0,0,133.19,0,64.73
2020-09-11,29.44,81.36,1.05,38.51,8.72,0.34,33.43,1.08,29.45,73.57,1.8,197.34,0,0,181.59,0,81.36
2020-09-12,24.04,65.78,0.98,27.08,5.67,0.3,28.68,1.05,29.14,74.39,2.39,148.54,0.01,0.5,160.8,0,65.78
2020-09-13,12.4,31.84,0.8,17.53,7.36,0.31,30.11,0.62,27.32,78.3,2.75,161.63,0.01,1,120.78,0,31.84
2020-09-14,11.32,28.81,0.74,12.88,8.8,0.38,35.72,0.51,28.25,77.27,2.37,100.98,0.03,2.5,141.36,0,35.72
2020-09-15,9.64,26.19,1.15,12.23,9.14,0.31,41.08,0.37,28.92,76.09,1.82,119.38,0.03,2.5,155.45,0,41.08
2020-09-16,22.13,41.99,1.74,28.74,6.59,0.35,30.99,0.69,27.94,78.53,1.99,192.68,0.14,12.5,139.67,0,41.99
2020-09-17,27.22,71.46,1.62,37.27,8.81,0.4,28.66,0.88,28.27,77.83,1.9,213.63,0,0,127.39,0,71.46
2020-09-18,34.43,74.41,1.88,31.73,8.36,0.49,40.1,0.8,29.22,74.89,1.88,208.62,0,0,157.38,0,74.41
2020-09-19,24.42,71.66,1.89,28.97,9.69,0.36,29.56,1.26,29.3,73.49,1.89,187.81,0,0,155.86,0,71.66
2020-09-20,28.58,87.73,1.69,35.58,6.14,0.33,23.72,2.37,26.94,78.05,1.46,213.85,0.03,2.5,92.01,0,87.73
2020-09-21,27.36,53.64,2,37.82,6.78,0.37,19.25,1.46,24.98,81.8,2.62,242.1,0.04,3.5,46.87,0,53.64
2020-09-22,22.84,71.64,1.91,38.32,9.37,0.36,18.88,1.2,26.52,76.5,3.16,222.42,0,0,88.19,0,71.64
2020-09-23,24.13,81.91,1.66,38.98,10.11,0.38,26.38,1.17,27.14,78.26,2.53,213.27,0.28,19.5,122.73,0,81.91
2020-09-24,28.04,92.14,1.45,32.23,5.94,0.38,27.1,0.71,28.37,77.12,2.86,206.25,0,0,130.6,0,92.14
2020-09-25,40.29,105.13,6.28,31.13,4.7,0.38,21.71,1.8,27.27,78.79,2.58,213.22,0,0,55.5,0,103.42
2020-09-26,33.45,85.11,21.45,37.24,4.56,0.44,21.15,0.69,26.02,80.16,1.4,220.69,0.02,1.5,67.71,0,85.11
2020-09-27,50.29,134.43,28.69,44.51,6.46,0.4,38.13,1.68,28.01,76.23,1.17,199.34,0,0,117.26,0,122.95
2020-09-28,67.7,180.73,40.79,56.92,5.28,0.34,44.05,2.36,28.92,72.51,1.22,193.99,0,0,141.47,0,153.82
2020-09-29,90.54,212.85,28.07,65.56,9.94,0.32,67.56,2.8,28.41,74.49,0.99,197.92,0,0,101.89,0,201.80
2020-09-30,44.68,84.36,19.43,46.35,6.49,0.4,30.76,2.1,24.65,81.1,1.36,225.23,0.73,64,63.61,0,84.36
2020-10-01,39.48,88.15,36.89,42.13,3.68,0.42,21.4,3.82,25.62,76.83,1.23,247.15,0,0,56.89,0,88.15
2020-10-02,55.24,176.98,26.34,25.73,6.59,0.4,49.23,3.02,27.08,71.73,0.95,165.22,0,0,93.86,0,151.32
2020-10-03,65.7,141.9,15.46,22.86,5.7,0.39,51.32,2.22,27.97,72.49,1.11,163.8,0,0,103.96,0,127.93
2020-10-04,49.61,172.11,27.12,22.49,10.68,0.27,26.93,3.06,25.54,80.8,1.16,201.5,0.05,4,78.42,0,148.07
2020-10-05,26.73,63.02,14.95,12.94,4.64,0.2,29.11,1.96,26.41,78.69,1.49,176.86,0.01,0.5,116.33,0,63.02
2020-10-06,23.62,50.85,12.72,13.78,3.75,0.33,28.39,1.53,26.22,80.13,1.32,186.51,0.25,22.5,102.3,0,50.85
2020-10-07,36.08,83.27,17.12,15.66,4.51,0.33,36.21,1.34,27.16,78.84,1.46,161.63,0.24,21,138.93,0,83.27
2020-10-08,41.51,84.37,14.65,27.36,7.3,0.33,38.65,0.72,28.19,76.96,1.22,157.41,0.03,2.5,129.75,0,84.37
2020-10-09,45.37,103.11,29.14,40.06,6.71,0.29,29.48,1.45,27.7,77.96,1.11,194.55,0.05,4,145,0,102.07
2020-10-10,83.63,207.73,59.51,41.7,7.62,0.41,20.99,2,26.93,80.1,0.42,234.02,0,0,76.02,0,178.77
2020-10-11,10.18,26.29,5.3,15.46,6.18,0.18,18.1,0.56,25.02,81.05,2.77,165.14,2.45,54,7.95,0,26.29
2020-10-12,11.24,17.39,9.01,19.04,8.88,0.29,20.27,0.1,23.03,83.48,4.43,255.32,0.81,74,24.64,0,23.80
2020-10-13,14.45,28.84,19.27,29.8,15.61,0.75,16.96,0.62,26.35,79.59,1.83,143.47,0.34,11.5,34.56,0,37.50
2020-10-14,16.11,34.81,14.79,29.58,7.18,1.02,23.13,0.03,25.73,81.33,1.33,158.26,0.02,1.5,94.59,0,51.00
2020-10-15,26.29,71.05,24.93,33.87,8.54,0.4,27,0.47,25.51,81.66,0.82,162.76,0,0,69.86,0,71.05
2020-10-16,29.14,65.93,36.89,32.42,5.02,0.18,21.39,0.2,26.3,80.54,1.06,192.02,0.11,9,113.28,0,65.93
2020-10-17,16.55,38.51,14.61,21.91,9.14,0.26,27.16,0.06,27.41,77.63,1.8,181.66,0,0,157.72,0,38.51
2020-10-18,17.19,35.89,8.03,24.17,7.26,0.33,30.51,1,29.08,74.24,1.83,211.26,0.01,0.5,118.14,0,35.89
2020-10-19,23.08,32.38,11.67,25.28,6.62,0.42,37.11,0.77,27.67,76.82,2.12,176.17,0.07,6,124.75,0,38.47
2020-10-20,10.58,34.7,12.39,19.81,9.06,0.35,25.99,0.02,27.78,74.75,1.9,194.89,0.01,1,148.29,0,34.70
2020-10-21,47.01,102.29,18.31,32.07,5.53,0.43,31.04,0.02,28.07,71.91,1.35,274.98,0,0,68.76,0,101.53
2020-10-22,90.06,185.52,32.16,60.74,4.39,0.42,27.7,0.03,26.51,78.31,0.84,212.34,0.01,0.5,49.41,0,200.20
2020-10-23,133.97,240.25,19.66,63.51,3.61,0.45,48.45,0.02,28.08,75.63,0.71,183.99,0,0,111.49,0,310.75
2020-10-24,179.98,239.62,32.67,71.47,6.22,0.6,49.98,0.03,28.1,75.7,0.6,179.24,0,0,111.67,0,346.14
2020-10-25,64.28,100.4,8.52,47.03,10.06,0.32,15.48,0.04,27.6,73.16,1.11,163.06,0,0,113.28,0,114.27
2020-10-26,52.75,80.12,2.25,40.35,11.85,0.51,22.83,0.12,27.79,69.11,1.51,203.15,0,0,125.74,0,87.92
2020-10-27,51.23,112.42,1.94,43.39,10.62,0.48,46.54,0.02,28.02,64.34,1.17,208.72,0,0,99.99,0,108.28
2020-10-28,45.75,123.84,3.26,47.36,11.52,0.57,46.64,0.04,28.5,55.92,1.51,222.01,0,0,112.78,0,115.89
2020-10-29,45.74,126.72,4.47,49.03,10.69,0.62,64.36,0.06,27.94,54.4,1.39,231.41,0,0,132.65,0,117.81
2020-10-30,65.31,184.04,9.46,67.6,9.14,0.41,62.56,0.14,27.67,55.4,1.38,202.82,0,0,135.27,0,156.03
2020-10-31,90.71,282.71,30.12,92.79,10.35,0.7,46.61,0.09,26.71,62.83,0.91,212.03,0,0,119.48,0,232.71
2020-11-01,89.89,244.88,15.77,62.85,10.24,0.35,58.89,0.06,28.08,65.73,0.92,162.64,0,0,134.62,0,199.63
2020-11-02,81.2,206.85,18.52,49.34,7.27,0.6,44.18,0.07,28.21,71.03,1.21,161.61,0,0,119.34,0,171.23
2020-11-03,51.22,102.06,3.77,23.57,13.12,0.63,52.13,0.07,28.36,71.56,1.87,146.72,0,0,111.91,0,101.37
2020-11-04,57.22,100.97,3.13,24.07,14.38,0.49,56.04,0.19,27.47,73.19,1.93,174.16,0.01,1,111.88,0,100.65
2020-11-05,82.28,148.05,1.78,20.59,11.49,0.5,72.11,0.04,27.03,74.29,2.28,174.82,0,0,118.73,0,174.27
2020-11-06,74.84,151.19,1.69,21.42,13.27,0.33,74.15,0.01,26.83,70.83,2.33,173.14,0,0,103.25,0,149.47
2020-11-07,76.82,156.42,1.64,24.23,14.1,0.46,92.51,0.24,26.48,68.57,2.07,153.06,0,0,102.81,0,156.07
2020-11-08,61.13,138.52,2.86,38.22,10.61,0.88,90.94,0.04,25.4,56.44,2.08,215.22,0,0,132.05,0,125.68
2020-11-09,66.09,147.89,3.23,46.09,8.62,0.85,80.03,0.03,24.28,55.46,1.79,184.65,0,0,140.95,0.01,131.93
2020-11-10,43.16,92.37,6.72,20.32,16.83,0.56,62.06,0.68,24.97,59.64,2.53,120.07,0,0,142.77,0.09,92.37
2020-11-11,13.04,27.56,11.24,19.45,9.17,0.68,22.14,4.89,21.28,81.57,2.68,101.46,0.18,14.5,27.78,0.08,34.00
2020-11-12,16.84,39.39,14.73,26.72,7.42,0.78,24.95,6.11,23.04,76.33,2.15,100.98,0.01,1,38,0.05,39.39
2020-11-13,20.33,62.51,10.75,21.59,9.49,0.59,48.98,2.64,26.17,60.3,2.12,91.98,0,0,124.24,0.06,62.51
2020-11-14,59.5,119.57,10.24,16.59,4.93,0.58,65.13,1.82,26.8,61.8,3,110.3,0,0,160.99,0.1,113.05
2020-11-15,53.58,94.85,10.26,12.99,8.59,0.58,73.79,1.15,26.08,67.04,3.1,108.27,0,0,118.53,0.11,94.85
2020-11-16,50.67,87.54,14.12,19.17,8.84,0.72,60.39,2.82,25.87,70.59,2.1,98.47,0,0,120.21,0.06,87.54
2020-11-17,70.49,110.57,18.3,18.82,5.99,0.83,68.53,3.05,25.7,71.92,1.56,89.44,0,0,142.86,0.04,134.97
2020-11-18,84.64,162.52,41.05,23.15,9.51,1.04,45.42,5.9,25.04,74.25,0.85,162.28,0,0,127.43,0.04,182.13
2020-11-19,64.46,139.81,45.28,22.5,9.2,0.94,28.64,6.49,24.98,75.28,1.07,200.39,0,0,136.67,0.03,126.54
2020-11-20,73.56,171.1,75.4,28.73,9.2,1.24,28.95,9.22,24.2,77.9,1.23,228.71,0,0,111.67,-0.01,147.40
2020-11-21,64.36,130.26,39.34,24.72,9.2,0.98,37.29,5.42,24.92,77.43,1.17,214.81,0,0,131.67,0.01,120.17
2020-11-22,61.77,109.37,34.73,15.26,10.63,0.8,43.2,24.05,25.65,74.41,1.78,145.56,0,0,111.47,0.07,106.25
2020-11-23,73.9,114.34,19.8,9.28,10.68,0.72,73.82,4.28,24.14,70.06,2.63,99,0,0,81.86,0.1,146.33
2020-11-24,59.71,108.66,20.04,9.38,10.09,0.72,83.85,2.97,22.85,63.25,2.83,102.47,0,0,102.62,0.1,105.77
2020-11-25,62.59,122.13,22.98,10.42,15.47,0.74,62.28,2.79,22.32,60.34,3.61,111.99,0,0,89.8,0.13,114.75
2020-11-26,33,56,18.33,12.6,18.4,0.48,20.83,3.97,15.64,80.8,2.8,194.8,0.1,0.5,26.2,0.06,56.00
2020-11-27,46.51,114.4,17.13,36.64,11.29,0.62,22.76,1.85,28.27,70.84,1.65,217.34,0.03,0,112.6,-0.06,109.60
2020-11-28,46.51,114.4,17.13,36.64,11.29,0.62,22.76,1.85,28.27,70.84,1.65,217.34,0.03,0,112.6,-0.06,109.60
2020-11-29,68.22,124.85,19.6,11.89,19.2,0.81,83.14,1.92,23.18,65.53,2.02,82.33,0,0,20.63,0.07,127.40
2020-11-30,63.92,137.39,41.33,22.75,18.3,1.07,64.29,6.22,22.21,65.17,1.55,145.73,0,0,127.74,0.06,124.93
2020-12-01,58.32,106.04,28.28,13.85,18.65,0.79,90.56,3.94,22.27,64.86,1.84,99.18,0,0,106.88,0.06,104.03
2020-12-02,55.98,108.57,28.74,11.8,12.48,0.77,93.62,3.96,22.23,65.3,1.96,106.88,0,0,120.18,0.06,105.71
2020-12-03,66.53,118.06,28.21,12.73,12.03,0.83,92.21,3.79,22.61,69.31,2.02,93.81,0,0,96,0.06,121.77
2020-12-04,71.11,113.85,15.66,24.29,16.38,0.79,74.92,3.73,23.35,70.62,2.13,91.53,0,0,119.53,0.06,137.03
2020-12-05,75.93,122.28,1.75,33.63,8.58,0.66,75.23,2.92,22.59,72.79,2.42,87.68,0,0,116.73,0.07,153.10
2020-12-06,57.19,96.63,1.48,28.57,10.79,0.71,71.71,2.01,23.02,67.1,2.54,97.35,0,0,121.98,0.09,96.63
2020-12-07,53.23,94.54,1.81,39.55,14.26,0.81,66.69,3.27,22.84,66.63,2.2,99.34,0,0,128.24,0.07,94.54
2020-12-08,60.31,135.59,30.75,76.59,12.47,1.18,50.08,7.73,21.85,67.83,1.29,142.23,0,0,119.29,0.04,123.73
2020-12-09,80.3,209.98,89.81,83.13,10.69,1.42,47.64,13.35,21.19,65.14,0.86,207.86,0,0,127.3,0.03,173.32
2020-12-10,111.58,290.27,125.65,35.88,15.16,1.62,52.51,10.43,20.68,68.08,0.9,190.99,0,0,114.24,0.03,271.93
2020-12-11,121.82,295.18,139.1,35.66,17.64,1.92,44.02,1.26,20.19,72.21,0.84,156.31,0,0,107.8,0.02,301.40
2020-12-12,107.45,238.01,118.12,32.81,14.93,1.77,60,1.75,21.11,67.43,0.82,190.3,0,0,123.53,0.01,258.17
2020-12-13,114.57,253.91,115.58,33.87,39.58,1.81,65.54,1.81,20.44,70.04,0.87,160.56,0,0,110.09,0.01,281.90
2020-12-14,105.44,215.97,85.37,24.71,12.49,1.49,54,1.65,21.65,69.56,1.08,149.2,0,0,111.02,0.04,251.47
2020-12-15,91.28,143.99,33.38,10.23,9.22,1.05,54.05,1.24,22.67,74.46,2.22,90.31,0,0,93.16,0.07,204.27
2020-12-16,66.76,116.95,31.64,11.64,8.12,1.03,53.34,1.08,22.64,73.56,2.17,93.31,0,0,103.63,0.07,122.53
2020-12-17,76.81,128.2,31.17,9.69,8.22,1.05,70.18,1.1,22.82,73.62,2.15,95.52,0,0,102.48,0.07,156.03
2020-12-18,91.56,145.3,35.68,7.48,11.26,1.23,68.4,1.26,22.91,75.06,2.08,111.18,0,0,94.77,0.05,205.20
2020-12-19,85.24,146.16,38.23,6.98,20.32,1.39,66.02,1.41,22.15,70.34,2.37,96.73,0,0,104.1,0.08,184.13
2020-12-20,79.78,150.59,54.75,9.66,18.66,1.52,77.92,2.03,20.16,63.73,1.93,115,0,0,113.75,0.07,165.93
2020-12-21,97.94,246.14,107.44,17.07,13.95,1.78,56.27,2.33,18.81,62.77,1.3,179.21,0,0,125.3,0.05,226.47
2020-12-22,109.32,297.99,137.04,20.66,8.16,1.73,57.19,2.21,18.3,62.42,1.09,158.44,0,0,110.38,0.05,264.40
2020-12-23,107.28,256.78,115.12,18.47,13.17,1.59,65.35,1.59,18.16,62.78,1.22,176.02,0,0,116.02,0.04,257.60
2020-12-24,121.51,288.2,113.13,17.83,8.84,1.73,75.43,1.74,18.31,66.99,1.31,180.41,0,0,111.29,0.05,301.16
2020-12-25,159.33,304.86,95.42,15.14,18.89,1.57,70.43,2.09,19.03,69.53,1.22,134.17,0,0,99.5,0.04,330.25
2020-12-26,156.26,294.06,79.38,14.56,15.57,1.15,68.56,1.85,19.62,69.33,1.27,71.08,0,0,101,0.05,327.89
2020-12-27,143.91,272.87,69.11,12.31,11.92,1.13,75.71,1.85,19.02,72.78,1.3,132.89,0,0,101.71,0.05,318.39
2020-12-28,136.06,263.51,63.74,21.04,9.27,1.21,54.51,1.85,19.48,71.29,1.11,139.14,0,0,98.38,0.04,312.35
2020-12-29,119.7,247.42,18.94,50.59,7.5,1.23,63,1.85,21.29,68.58,1.4,114.99,0,0,111.23,0.06,299.00
2020-12-30,90.78,182.3,12.15,49.57,9.3,0.64,68.44,1.85,24.65,68.47,1.79,99,0,0,103.93,0.07,202.60
2020-12-31,102.26,178.6,2.1,63.09,19.13,0.74,88.82,1.85,24.2,65.37,2.14,106.89,0,0,100.76,0.07,240.87
2021-01-01,116.55,215.61,4.1,68.53,3.63,1.01,72.68,1.85,23.22,67.99,1.8,115.26,0,0,93.14,0.07,288.50
2021-01-02,115.47,210.34,3.76,39.55,3.94,0.96,76.36,1.33,22.97,68.9,1.65,117.94,0,0,89.93,0.06,284.90
2021-01-03,110.2,199.56,5.04,50.1,5.57,0.98,62.04,1.49,22.73,68.67,1.6,103.11,0,0,102.12,0.06,267.33
2021-01-04,80.61,145.88,2.5,32.56,10.88,0.76,55.64,1.26,23.13,67.9,1.89,100.92,0,0,110.78,0.07,168.70
2021-01-05,80.59,162.99,3.7,39.72,15.03,0.78,35.76,2.83,23.07,74.29,1.79,133.15,0.53,43.8,83.8,0.07,168.63
2021-01-06,71.92,126.66,2.99,37.69,16.81,0.84,34.79,1.33,24.25,68.71,1.8,93.54,0,0,72.51,0.04,139.73
2021-01-07,64.73,131.88,7.07,25.12,15.16,0.76,30.54,1.21,24.7,74.04,1.24,90.73,0,0,108.85,0.06,121.25
2021-01-08,37.57,80.08,8.15,34.15,15.72,0.54,23.13,1.67,24.59,70.76,1.58,214.45,0,0,133.11,0.07,80.08
2021-01-09,48.61,93.15,6.17,37.75,15.29,0.7,25.43,1.44,24.26,73.22,1.64,199.89,0,0,114.03,0.04,93.15
2021-01-10,68.93,175.94,51.47,74.88,17.31,1.4,23.2,5.22,24.67,66.12,1.06,67.19,0,0,112.79,0.03,150.63
2021-01-11,101.84,259.36,57.29,94.44,16.71,1.75,30.29,5.36,24.54,63.79,0.97,26,0,0,103.08,0.03,239.47
2021-01-12,101.04,263.3,60.06,76.64,13.96,1.45,28.14,5.37,24.02,67.74,1.03,52.55,0,0,107.62,0.03,236.80
2021-01-13,129.03,261.14,49.48,80.6,18.08,2.11,25.01,5.27,23.43,77.3,1.09,217.34,0,0,99.34,0.02,306.95
2021-01-14,77.43,134.47,10.4,34.01,14.49,0.86,28.43,1.57,23.77,79.12,1.37,235.67,0,0,109.73,0.04,158.10
2021-01-15,82.11,166.72,16.79,48.42,18.41,0.98,30.01,2.21,23.96,76.62,1.45,217.34,0,0,105.03,-0.02,173.70
2021-01-16,69.75,149.6,8.7,44.23,20.77,0.7,27.92,1.63,23.67,76.92,1.68,217.34,0,0,104.62,-0.03,133.07
2021-01-17,73.08,113.64,9.59,43.45,18.03,0.72,31.06,1.61,23.72,76.56,1.55,266.5,0,0,115.02,0.05,143.60
2021-01-18,83.93,134.86,2.95,24.89,17.4,0.71,38.2,0.62,22.89,72.95,2.22,316.7,0,0,111.55,0.08,179.77
2021-01-19,83.11,147.42,6.17,41.76,2.18,0.84,53.96,1.44,28.27,68.54,1.5,217.34,0,0,162.4,0.01,177.03
2021-01-20,100.52,226.9,26.52,72.3,10.05,1.14,24.46,4.21,28.27,77.11,1.5,217.34,0,0,100.98,-0.02,235.07
2021-01-21,91.91,177.29,9.58,58.38,16.81,1.07,27.05,2,25.78,76.21,1.54,312,0,0,101.34,-0.01,206.37
2021-01-22,93.37,156.72,2.5,27.69,15.29,0.82,32.62,0.9,24.4,77.71,1.87,38.29,0,0,90.43,0.08,211.23
2021-01-23,80.48,155.79,15.9,48.05,14.67,0.92,28.35,3.15,25.25,76.8,1.59,107,0,0,116.65,0.06,168.27
2021-01-24,90.02,176.73,8.86,46.73,16.04,0.99,24.37,2.09,25.31,74.7,1.91,217.34,0,0,126.86,-0.05,200.07
2021-01-25,68.07,136.49,13.06,52.34,15.95,0.86,17.5,2.14,24.32,75.56,1.66,217.34,0,0,110.43,-0.04,126.90
2021-01-26,62.51,126.18,10.6,47.57,17.02,0.7,16.34,1.74,24.18,74.99,1.5,217.34,0,0,89.07,-0.05,117.45
2021-01-27,69.92,145.15,16.94,26.27,16.06,0.84,21.44,2.73,25.03,73.48,1.1,58.5,0,0,97.89,0.01,133.07
2021-01-28,81.59,173.2,24.83,41.89,12.5,0.88,27.26,3.57,24.83,75.49,1.64,146.62,0,0,100.27,0.08,171.97
2021-01-29,77.6,144.53,4.21,26.88,16.55,0.76,34.91,0.78,25.53,70.55,1.44,217.34,0,0,99.56,-0.01,158.67
2021-01-30,89.11,204.99,23.96,55.09,13.99,0.88,31.2,3.32,24.77,73.85,1.28,217.34,0,0,115.03,0.05,197.03
2021-01-31,72.76,124.98,2.94,22.89,17.44,0.83,32.4,0.65,26.04,71.07,2.43,15,0,0,129.69,0.11,142.53
2021-02-01,111.58,183.23,3.4,33.28,16.38,1.09,27.17,0.69,23.74,72.27,2.26,305.25,0,0,99.34,0.09,271.93
2021-02-02,82.58,148.84,5.87,47.17,17.24,0.84,39.71,0.82,23.96,65.09,1.55,114.42,0,0,122.77,0.09,175.27
2021-02-03,81.75,239.27,33.93,79.33,11.61,1.52,27.56,2.7,23.04,60.34,1.12,121.27,0,0,147.8,0.04,192.85
2021-02-04,68.49,238.68,62.65,71.85,10.73,0.34,28.25,3.93,22.86,58.43,1.21,118.46,0,0,146.5,0.06,192.45
2021-02-05,74.97,234.63,50.1,67.99,7.01,0.35,30.17,4.35,22.53,59.82,1.22,113.67,0,0,133.02,0.05,189.75
2021-02-06,74.43,208.49,58,66.41,9.16,0.36,33.46,4.88,23.58,61.14,1.29,121.4,0,0,152.91,0.07,172.33
2021-02-07,73.83,206.15,61.11,49.56,9.58,0.37,28.78,6.13,20.85,70.56,1.53,131.2,0,0,91.91,0.06,170.77
2021-02-08,58.84,100.12,18.38,34.24,12.36,0.31,29.47,2.01,23.36,68.05,2.05,144.86,0,0,125.58,0.07,100.08
2021-02-09,86.17,193.68,55.85,60.2,13.77,0.38,37.28,6.61,22.25,69.01,1.11,128.65,0,0,125.3,0.06,187.23
2021-02-10,76.72,175.02,23.79,53.75,11.33,0.38,42.83,3.08,25.27,66.37,1.66,148.72,0,0,205.19,0.06,155.73
2021-02-11,72.97,138.87,15.8,46.94,11.14,0.38,34.18,1.96,24.58,71.75,1.47,165.4,0,0,170.52,0.01,143.23
2021-02-12,53.51,120.6,18.31,38.29,10.7,0.38,38.7,2.57,24.36,68.93,1.41,157.84,0,0,179.22,0.09,113.73
2021-02-13,34.17,105.05,33,42.78,14.68,0.15,14.5,3.37,24.62,68.34,1.65,186.71,0,0,169.41,-0.01,103.37
2021-02-14,42.37,118.34,34.71,49.21,11.36,0.01,13.73,2.54,23.16,71.2,1.61,202.97,0,0,137.18,-0.04,112.23
2021-02-15,43.69,125.92,33.16,54.34,11.96,0.05,12.85,9.16,22.95,72.9,1.48,213.3,0,0,104.9,-0.01,117.28
2021-02-16,54.57,139.72,21.56,54.75,10.51,0,12.61,2.46,26.26,67.98,2.55,205.62,0,0,146.84,-0.1,126.48
2021-02-17,68.75,140.69,15.04,34.37,13.15,0.28,28.07,1.57,24.73,72.96,1.94,162.87,0,0,126.54,0.08,129.17
2021-02-18,58.44,113.23,8.18,26.44,13.64,0.64,22.48,0.82,25.38,73.45,1.89,163.41,0,0,125.11,0.09,108.82
2021-02-19,52.13,103.36,26.04,30.32,14.35,1.15,29.12,0.93,24.44,68.81,2.06,163.26,0,0,89.49,0.1,102.24
2021-02-20,44.28,87.28,4.95,28.36,13.94,0.56,25.69,1,24.07,69.17,1.89,141.45,0,0,46.9,0.09,87.28
2021-02-21,50.37,102.19,6.1,33.29,14.28,0.69,26.38,1.01,24.47,67.62,1.81,187.22,0,0,86.81,0.08,101.46
2021-02-22,53.31,165.55,38.12,61.94,12.83,0.83,31.2,3.71,25.28,60.71,1.29,180.37,0,0,136.19,0.07,143.70
2021-02-23,76.56,215.61,47.65,57.6,11.21,1.01,23.48,4.89,24.91,65.58,1.29,165.36,0,0,134.52,0,177.07
2021-02-24,61.07,147.16,20.9,51.63,9.89,0.84,15.1,3.24,25.23,72.24,1.91,215.82,0,0,130.22,-0.04,131.44
2021-02-25,52.01,131.08,14.25,48.97,11.79,0.77,15.42,2.52,27.19,72.61,2.2,319,0,0,138.42,-0.04,120.72
2021-02-26,62.1,147.43,18.04,47.65,11.14,0.75,15.05,5.23,27.16,75.36,1.93,217.34,0,0,127.42,-0.01,131.62
2021-02-27,64.35,150.28,17.1,41.52,10.2,0.99,14.21,2.6,27.03,79,2.58,217.34,0,0,146.44,-0.1,133.52
2021-02-28,52.4,134.77,16.05,39.92,11.69,0.75,11.7,1.95,26.83,78.99,2.05,217.34,0,0,131.45,-0.05,123.18
2021-03-01,36.61,104.98,22.05,46.71,10.56,0.6,10.73,2.08,27.07,74.48,2.48,316.71,0,0,143.71,-0.05,103.32
2021-03-02,46.89,141.33,22.62,56.84,9.93,0.76,10.73,2.24,28.43,68.89,2.27,321,0,0,137.02,-0.06,127.55
2021-03-03,56.57,162,11.51,60.86,13.53,0.88,19.25,2.48,29.72,64.75,1.83,282.36,0,0,188.97,0,141.33
2021-03-04,52.73,160.76,25.37,60.56,10.12,0.98,15.29,2.64,27.45,67.29,1.6,277.37,0,0,132.84,0,140.51
2021-03-05,56.16,179.46,17.86,60.35,11.84,0.88,13.5,5.01,27.83,64.87,2.02,225.3,0,0,146.83,-0.05,152.97
2021-03-06,45.85,152.25,18.29,59.3,6.45,0.89,12.57,2.18,28.34,59.46,2.21,203.87,0,0,145.05,-0.09,134.83
2021-03-07,35.28,100.95,16.36,43.61,8.39,0.63,10.73,5.35,26.68,78.31,2.4,251.55,0,0,127.04,-0.04,100.63
2021-03-08,22.75,68.9,18.71,32.91,8.53,0.59,10.57,1.5,26.83,78.75,2.37,231.53,0,0,138.27,-0.09,68.90
2021-03-09,19.25,83.94,26.25,38.86,8.01,0.8,10.35,7.11,27,74.92,2.59,228.97,0,0,182.08,-0.08,83.94
2021-03-10,19.9,88.28,23.06,36.03,8.79,0.7,10.4,1.83,26.66,75.77,2.61,231.7,0,0,144.65,-0.09,88.28
2021-03-11,19.98,81.81,27.72,35.56,7.37,0.76,10.26,1.93,27.3,76.37,2.77,232.33,0,0,148.27,-0.09,81.81
2021-03-12,24.68,86.12,29.82,38.23,8.45,0.68,11.24,5.29,27.67,69.86,2.44,231.29,0,0,153.51,-0.08,86.12
2021-03-13,18.85,61.5,18.97,37.31,7.86,0.63,12.98,13.5,27.22,68.17,2,216.73,0,0,175.33,-0.02,61.50
2021-03-14,13.64,51.06,6.01,20.2,9.45,0.48,15.48,1.18,28.46,72.59,1.96,153.57,0,0,191.63,-0.01,51.06
2021-03-15,22.62,87.45,27.88,32.91,10.44,0.53,16.17,1.85,27.54,75.88,1.31,191.92,0,0,198.73,0,87.45
2021-03-16,42.61,100.43,9.63,38.25,7.92,0.81,14.48,17.61,28.97,74.89,2.53,207.02,0,0,174.72,-0.07,100.29
2021-03-17,52.77,119.78,14.36,46.27,7.41,0.76,12.47,4.12,27.65,77.27,2.13,231.52,0,0,145.81,-0.03,113.19
2021-03-18,52.55,117.62,13.26,46.79,8.32,0.72,14.16,2.31,27.12,75.49,2.04,237.69,0,0,95.75,-0.03,111.75
2021-03-19,56.27,133.19,15.96,48.02,8.12,0.8,13.78,2.41,28.43,69.48,2.08,231.99,0,0,131.22,-0.04,122.13
2021-03-20,68.71,154.92,12.22,51.66,7.29,0.98,17,2.45,28.15,73.22,1.7,219.18,0,0,111.58,0.01,136.61
2021-03-21,57.94,133.8,10.89,42.98,8.59,0.77,13.61,1.62,29.04,74.86,2,232.29,0,0,130.33,0,122.53
2021-03-22,55.48,162.78,15.05,50.84,8.74,0.76,12.25,2.6,29.61,68.14,1.82,237.72,0,0,124.31,-0.03,141.85
2021-03-23,64.52,212.4,18.66,53.96,9.51,0.81,21.71,2.57,30.14,62.28,1.76,224.09,0,0,166.23,0,174.93
2021-03-24,81.27,245.23,29.45,66.37,7.21,1.15,22.46,4.11,29.73,63.77,1.44,208.72,0,0,171.59,0,196.82
2021-03-25,76.34,227.51,15.4,72.02,8.96,1.14,23.05,3.16,30.7,60.36,1.83,215.15,0,0,150.99,0,185.01
2021-03-26,69.2,195.93,16.7,61.92,8.76,1.11,15.82,2.63,30.75,62.79,1.78,229.13,0,0,145.88,-0.03,163.95
2021-03-27,70.72,199.09,12.66,53.36,4.86,1.05,12.37,2.58,29.55,74.06,1.57,211.85,0,0,121.38,-0.02,166.06
2021-03-28,65.64,177.53,26.2,45.93,3.93,0.94,11.78,2.81,29.3,76.66,1.73,212.5,0,0,123.31,-0.07,151.69
2021-03-29,54.67,145.69,20.45,44.72,7.97,1.03,10.65,2.34,29.87,74.64,2.47,238.14,0,0,142.23,-0.05,130.46
2021-03-30,51.8,155.86,18.49,54.4,5.32,1.01,10.56,2.63,31.39,72.42,3.17,253.22,0,0,160.7,-0.06,137.24
2021-03-31,65.81,161.98,10.18,56.76,12.89,0.97,11.6,2.97,32.02,75.27,2.97,265.66,0,0,148.96,-0.01,141.32
2021-04-01,85.26,161.94,9.43,46.69,16.08,0.77,11.77,2.2,30.19,80.27,2.48,238.56,0,0,165.42,-0.07,184.20
2021-04-02,46.51,114.4,17.13,36.64,11.29,0.62,22.76,1.85,28.27,70.84,1.65,217.34,0.03,0,112.6,-0.06,109.60
2021-04-03,46.51,114.4,17.13,36.64,11.29,0.62,22.76,1.85,28.27,70.84,1.65,217.34,0.03,0,112.6,-0.06,109.60
2021-04-04,46.51,114.4,17.13,36.64,11.29,0.62,22.76,1.85,28.27,70.84,1.65,217.34,0.03,0,112.6,-0.06,109.60
2021-04-05,37.39,110.18,1.74,26.87,13.71,0.48,12.31,1.6,30.56,74.86,2.29,189.85,0,0,198.47,0,106.79
2021-04-06,45.73,135.43,2.15,35.68,13.03,0.49,11.17,1.37,29.29,76.49,2.18,219.54,0,0,160.91,-0.05,123.62
2021-04-07,42.31,134.21,2.2,36.01,11.42,0.45,10.76,1.46,28.91,76.73,2.67,224.74,0,0,144.19,-0.07,122.81
2021-04-08,39.88,131.68,5.91,33.95,13.95,0.74,10.59,1.44,29.39,75.81,2.76,231.15,0,0,138.71,-0.07,121.12
2021-04-09,33.78,102.79,10.88,39.03,14.5,0.67,10.84,1.48,29.04,75.85,2.39,229.18,0,0,126.96,-0.08,101.86
2021-04-10,26.98,77.26,11.35,35.28,13.5,0.54,11.15,1.2,28.89,74.33,1.84,211.33,0,0,137.13,-0.02,77.26
2021-04-11,23.75,69.51,18.59,37.15,13.96,0.52,9.74,1.39,29.34,74.23,2.31,223.88,0,0,166.02,-0.07,69.51
2021-04-12,34.97,88.97,23.59,33,13.72,0.56,9.65,1.36,29.88,75.57,2.17,222.22,0,0,154.68,-0.05,88.97
2021-04-13,30.09,86.9,23.28,36.32,13.31,0.55,10,1.58,30.09,73.51,2.4,238.81,0,0,154.51,-0.07,86.90
2021-04-14,29.57,89.73,17.31,37.24,12.7,0.36,10.82,1.56,29.96,70.92,2.56,215.4,0,0,186.92,-0.03,89.73
2021-04-15,35.36,109.82,19.33,58.67,14.39,0.54,10.59,2.4,28.36,68.16,2.03,253.83,0,0,77.76,-0.02,106.55
2021-04-16,12.95,50.72,12.27,43.6,13.88,0.38,11.22,1.72,29.02,69.39,2.58,229,0,0,171.33,-0.09,54.50
2021-04-17,10.22,38.59,11.76,38.34,14.44,0.39,10.48,1.11,29.5,74.66,2.42,221.51,0,0,175.72,-0.08,47.93
2021-04-18,13.35,46.19,12.81,33.34,15.74,0.55,9.84,0.94,30.2,76.02,2.63,217.87,0,0,157.29,-0.09,46.19
2021-04-19,25.93,84.25,14.27,37.56,14.26,0.64,10.98,1.96,29.92,75.68,2.74,218.38,0.03,2.5,140.54,-0.06,84.25
2021-04-20,37.19,114.17,10.81,45.6,9.01,0.43,10.42,1.87,28.47,76.36,1.69,224.45,0,0,58.16,-0.06,109.45
2021-04-21,28.87,85.26,8.94,31.37,11.41,0.04,10.13,1.38,31.03,75.84,2.52,222.78,0,0,141.28,-0.1,85.26
2021-04-22,26.47,93.52,12.51,33.21,12.78,0.26,10.32,1.48,31.4,73.66,2.56,219.95,0,0,161,-0.07,93.52
2021-04-23,30.66,100.95,17.67,48.79,13.5,0.23,10.38,2.03,29.38,71.06,2.21,233,0,0,120.57,-0.03,100.63
2021-04-24,47.8,139.02,23.52,45.45,9.69,0.26,14.59,3.29,29.63,73.49,1.69,223.04,0,0,162.62,-0.01,126.01
2021-04-25,33.12,75.64,11.73,31.12,13.87,0.09,11.63,1.17,30.7,76.91,2.69,223,0,0,175.92,-0.1,75.64
2021-04-26,33.88,95.43,14.37,34.22,13.9,0.1,11.13,1.34,30.15,76.4,2.9,229.91,0,0,161.81,-0.1,95.43
2021-04-27,33.63,100.99,11.28,35.94,13.37,0.14,11.36,1.24,30.59,73.34,2.68,223.27,0,0,157.56,-0.08,100.66
2021-04-28,34.47,96.57,10.58,37.64,13.96,0.27,19.28,1.32,30.87,74.2,2.62,232.48,0,0,171.5,-0.08,96.57
2021-04-29,31.44,83.37,10.01,29.69,13.97,0.43,14.22,0.93,30.35,76.3,2.51,215.03,0.04,3.5,147.76,-0.08,83.37
2021-04-30,39.52,88.37,12.48,34.91,13.94,0.26,10.38,1.33,29.81,74.93,1.94,205.78,0,0,148.65,-0.05,88.37
2021-05-01,29.62,92.52,18.46,32.5,11.22,0.6,18.87,1.2,29.93,74.67,1.81,214.42,0,0,104.05,-0.02,92.52
2021-05-02,21.19,67.49,19.77,29.76,11.49,0.2,10.27,0.92,30.21,76.35,2.33,228.2,0,0,143.19,-0.06,67.49
2021-05-03,20.17,64.13,18.75,29.33,12.04,0.36,12.58,1.2,30.69,74.51,1.99,220.87,0,0,143.4,-0.06,64.13
2021-05-04,16.58,60.67,12.7,27.77,10.52,0.17,31.87,1.56,30.03,73.06,2.16,207.35,0.01,0.5,136.65,-0.05,60.67
2021-05-05,14.64,66.52,17.48,29.27,12.36,0.37,12.95,1.45,29.12,76.77,2.18,219.4,0.06,5.5,169.53,-0.05,66.52
2021-05-06,16.92,55.13,11.87,29.86,13.16,0.36,19.46,1.51,30.2,72.83,1.73,179.45,0.03,2.5,175.9,-0.04,55.13
2021-05-07,8.19,27.95,16.19,18.21,14.51,0.09,23.95,1.46,31.38,75.59,2.01,192.98,0.01,0.5,169.27,-0.06,27.95
2021-05-08,9.2,27.04,9.19,15.26,13.88,0.12,22.55,0.68,31.47,74.68,2.13,185.35,0,0,178.7,-0.06,27.04
2021-05-09,11.92,39.83,11.93,22.71,13.6,0.14,22.63,1.34,30.92,74.3,2.28,204.31,0,0,166.55,-0.07,39.83
2021-05-10,11.58,49.07,15.2,25.15,13.97,0.12,22.73,1.24,31.75,73.89,2.47,207.64,0,0,155.44,-0.08,49.07
2021-05-11,11.67,38.27,13.8,29.65,11.98,0.07,22.77,1.33,29.26,75.69,3.07,213.5,0.14,12,150.72,-0.03,38.27
2021-05-12,17.27,52.22,17.93,37.15,12.99,0.19,21.53,1.8,30.12,72.91,2.69,213.1,0,0,251.72,-0.08,52.22
2021-05-13,12.88,46.97,15.76,29.38,11.53,0.15,6.58,1.52,32.25,76.69,3.06,211.09,0,0,160.67,-0.11,46.97
2021-05-14,21.85,58.45,17.19,35.59,11.52,0.18,5.24,1.75,32.31,73.7,2.22,216.57,0,0,148.07,-0.05,58.45
2021-05-15,15.4,37.82,12.97,22.59,13.4,0.36,5.12,1.42,32.26,75.04,1.81,186.4,0,0,181.37,-0.03,37.82
2021-05-16,4.71,13.73,3.53,6.23,14.12,0.31,7.31,0.45,32.92,75.26,1.8,131.38,0,0,196.03,-0.01,17.65
2021-05-17,6.82,24.28,9.09,18.55,12.51,0.54,4.81,0.75,33.09,74.49,2.11,178.24,0,0,208.12,-0.05,27.00
2021-05-18,9.95,35.68,12.49,28.66,12.78,0.56,4.67,0.99,33.03,74.21,2.6,204.88,0,0,194.91,-0.09,35.83
2021-05-19,15.12,59.25,17.76,32.51,12.05,0.67,5.29,1.32,33,74.01,2.88,215.64,0,0,187.76,-0.09,59.25
2021-05-20,13.86,47.2,12.57,31.66,11.86,0.53,5.34,1.23,33.08,73.54,3.06,210.63,0,0,186.21,-0.09,47.20
2021-05-21,28.71,55.25,9.7,35.27,12.36,0.56,5.94,1.83,33.43,72.81,2.89,213.49,0,0,237.29,-0.07,55.25
2021-05-22,26.38,66.7,8.26,32.32,11.15,0.62,8.11,1.55,28.97,75.36,2.33,199.3,0.62,29,173.6,0.01,66.70
2021-05-23,45.01,106.19,12.89,44.3,11.19,0.74,10.53,2.17,31.02,73.82,1.29,192.85,0,0,127.7,0.02,104.13
2021-05-24,62.72,162.49,18.14,51.58,8.38,0.73,6.3,4.88,31.78,72.84,1.23,229.9,0,0,37.14,0,141.66
2021-05-25,49.63,183.1,10.56,55.25,10.65,0.68,5.91,3.95,33.63,55.44,1.88,260.56,0,0,58.71,0,155.40
2021-05-26,37.27,152.57,7.37,56.88,12.53,0.71,7.11,2.36,38.1,43.49,2.98,259.98,0,0,170.75,0.01,135.05
2021-05-27,64.46,169.37,8.94,47.91,10.64,0.65,8,2.04,37.92,55.28,2.85,253.31,0,0,244.91,0,146.25
2021-05-28,40.76,119.75,2.87,20.2,27.87,1.74,27.74,1.06,36.36,66.63,0.57,162.53,0.01,0.5,243.02,-0.06,113.17
2021-05-29,30.88,136.7,6.36,38.55,11.43,1.07,21.29,1.81,32.88,71.69,2.38,203.72,0,0,165.05,-0.05,124.47
2021-05-30,43.56,117.82,4.93,30.6,11.82,0.56,22.21,1.26,33.25,75.77,2.34,201.22,0,0,160.29,-0.08,111.88
2021-05-31,34.81,105.19,4.82,34.23,12.45,0.66,20.95,1.37,32.69,75.42,2.8,210.03,0,0,116.52,-0.08,103.46
2021-06-01,31.06,71.02,3.86,20.96,10.63,0.38,24.21,1.28,33.24,75.96,2.69,181.26,0,0,184.5,-0.12,71.02
2021-06-02,28.47,65.53,5.78,24.83,11.64,0.61,23.55,0.89,30.71,78.09,2.23,186.56,0.01,0.5,120.02,-0.03,65.53
2021-06-03,24.26,65.06,9.02,36.79,13.29,1.56,19.41,1.2,30.32,76.99,1.7,201.09,0,0,100.22,-0.05,78.00
2021-06-04,30.11,71.52,11.47,34.14,12.94,0.49,19.65,0.99,32,74.49,2.53,212.15,0,0,180.07,-0.08,71.52
2021-06-05,16.91,49.76,13.34,23.93,12.02,0.43,18.5,1.04,32.25,73.48,2.96,205.08,0,0,186.61,-0.07,49.76
2021-06-06,11.48,41.27,14.69,21.64,14.09,0.35,18.45,1.04,32.37,73.3,3.04,204.1,0,0,204.24,-0.08,41.27
2021-06-07,26.89,64.75,9.3,31.52,12.84,0.46,19.27,1.35,32.91,73.57,2.88,205.91,0,0,197.25,-0.09,64.75
2021-06-08,34.47,97.92,8.28,40.2,13.39,0.46,19.58,1.97,32.69,72.16,2.59,220.76,0,0,125.28,-0.05,97.92
2021-06-09,33.12,98.34,10.22,39.15,12.53,0.57,20.15,2.09,32.68,72.26,2.55,221.85,0.11,9.5,135.2,-0.06,98.34
2021-06-10,43.63,97.42,17.79,47.43,13.03,0.78,12.5,2.05,31.62,71.89,1.98,235.16,0,0,79.81,-0.03,97.42
2021-06-11,31.02,76.65,13.86,41.35,10.64,0.8,7.49,1.79,29.89,72.29,2.43,246.99,0,0,65.72,-0.02,76.65
2021-06-12,26.37,62.69,12.83,42.29,9.48,0.48,7.25,2.01,30.16,71.84,2.2,259.37,0.01,0.5,85.21,0.01,62.69
2021-06-13,33.58,99.32,9.3,44.89,2.11,0.72,7.09,1.54,30.64,72,2.09,239.22,0,0,71.82,-0.02,99.32
2021-06-14,27.32,79.55,9.72,46.32,2.95,0.76,7.04,1.77,29.5,74.44,2.51,248.38,0,0,62.09,-0.01,79.55
2021-06-15,28.02,95.67,9.71,44.06,7.21,0.68,7.34,1.93,31.84,68.36,2.55,224.85,0,0,85.65,-0.05,95.67
2021-06-16,31.53,111.74,12.2,40.63,9.73,0.79,7.52,2.02,32.16,70.6,3.05,228.14,0.04,3.5,132.4,-0.07,107.83
2021-06-17,22.71,90.32,12.19,36.63,9.17,0.76,7.45,1.7,30.84,71.75,3.01,216.4,0.1,9,101.29,-0.1,90.32
2021-06-18,43.37,119.31,21.26,41.73,9.9,0.67,7.11,2.32,29.18,76.55,2.11,225.83,0,0,62.98,-0.05,112.87
2021-06-19,38.38,163.16,10.78,36.94,9.58,0.59,7.18,1.54,31.17,73.09,2.88,215.82,0,0,118.25,-0.07,142.11
2021-06-20,35.87,131.1,11.31,39.26,9.91,0.57,7.21,1.79,31.93,69.24,2.67,229.97,0,0,127.59,-0.03,120.73
2021-06-21,47.21,151.09,10.46,39.07,8.54,0.66,9,2.19,33.66,68.93,2.16,220.07,0,0,168.3,-0.01,134.06
2021-06-22,52.93,177.09,8.91,38.95,7.86,0.58,7.72,1.9,31.74,73.06,1.95,199.31,0.01,0.5,92.59,-0.02,151.39
2021-06-23,39.9,130.25,18.72,45.42,4.86,0.71,7.17,2.9,27.12,80.81,2,240.13,0.57,49,49.42,0,120.17
2021-06-24,32.05,79.8,11.77,38.25,8.67,0.55,7.47,1.86,30.47,72.77,2.57,250.45,0.01,0.5,148.28,0,79.80
2021-06-25,30.16,86.63,13.2,41.01,10.77,0.64,7.41,1.94,32.71,65.85,2.04,249.96,0,0,143.34,0.01,86.63
2021-06-26,41.1,125.45,12.76,39.45,7.04,0.66,9.14,1.77,32.35,71.89,1.5,204.66,0,0,121.14,-0.01,116.97
2021-06-27,30.43,93.93,6.5,29.26,8.99,0.59,10.41,1.28,30.72,75.98,2.06,170.97,0,0,172.41,-0.04,93.93
2021-06-28,18.8,47.4,7.71,29.74,9.92,0.5,8.96,0.87,30.02,78.41,2.44,187.68,0.04,3.5,187.99,-0.07,47.40
2021-06-29,30.08,83.29,8.49,35.84,10.55,0.58,7.53,0.97,30.94,76.51,2.77,207.72,0,0,161.9,-0.08,83.29
2021-06-30,30.32,96.2,11.23,34.35,9.72,0.68,7.24,1.5,31.36,75.25,3.1,212.33,0,0,145.79,-0.08,96.20
2021-07-01,29.07,118.52,10.34,39.76,9.53,0.54,7.71,1.26,32.22,71.06,2.78,217.02,0,0,184.6,-0.06,112.35
2021-07-02,26.65,80.36,21.03,39.96,9.3,0.76,7.3,2.36,27.21,82.33,2.15,232.65,0.39,34.5,39.93,-0.02,80.36
2021-07-03,22.9,71.26,16.07,36.43,10.36,0.5,7.42,1.54,28.32,80.09,2.31,219.89,0.09,8,151.36,-0.02,71.26
2021-07-04,33.96,81.62,17.2,42.03,9.57,0.61,8.05,1.75,27.96,80.07,2.14,228.74,0.03,2.5,139.02,-0.03,81.62
2021-07-05,29.52,91.1,16.89,44.18,10.27,0.59,7.43,0.44,29.18,79.47,1.94,203.06,0.04,3.5,135.43,-0.01,91.10
2021-07-06,35.39,101.87,17.08,44.86,8.79,0.84,8.22,0.86,30.65,79.1,2.01,211.49,0,0,134.86,-0.06,101.25
2021-07-07,44.06,118.55,14.35,46.47,7.4,0.68,7.6,2.99,29.95,79.39,2.23,210.35,0.03,3,124.77,-0.05,112.37
2021-07-08,37.61,129.34,16.74,57.16,8.78,0.93,7.65,4.94,28.03,80.64,1.09,232.32,0,0,46.93,0,119.56
2021-07-09,47.21,142.13,26.02,58.57,6.3,1.07,10.09,4.61,31.05,75.78,1.45,207.57,0,0,173.4,-0.05,128.09
2021-07-10,30.16,77.52,9.72,49.79,8.9,0.79,8.52,3.54,30.46,77.32,1.72,230.51,0,0,107.44,-0.03,77.52
2021-07-11,20.22,45.47,6.53,26.85,10.79,0.69,16.61,1.69,29,81.14,1.64,160.78,0.21,19.5,131.96,0.04,45.47
2021-07-12,6.01,18.92,3.81,8.7,12.4,0.59,17.92,0.52,28.73,80.69,2.13,115.45,0.05,4,146.33,0.04,29.50
2021-07-13,23.28,62.06,19.25,43.43,11.02,0.94,7.34,3.05,26.24,85.51,1.35,224.27,0.02,2,31.24,0,62.06
2021-07-14,21.57,70.55,15.77,37.33,11.79,0.81,6.87,2.43,27.53,81.65,1.9,215.76,0,0,89.16,-0.04,70.55
2021-07-15,17.07,45.92,9.84,23.29,10.26,0.67,11.4,1.74,28.3,80.76,1.81,173.9,0.04,4,137.87,-0.01,45.92
2021-07-16,11.03,37.93,10.08,25.21,10.56,0.63,9.93,2.19,29.77,76.66,1.7,193.25,0.03,3,154.7,-0.03,37.93
2021-07-17,16.47,51.79,6.83,23.8,10.53,0.6,11.9,1.37,30.68,76.57,1.83,182.31,0,0,179.47,0,51.79
2021-07-18,11.59,43.03,8.49,26.35,11.47,0.67,7.12,1.19,30.74,76.76,2.16,200.8,0,0,159.18,-0.08,43.03
2021-07-19,19.39,62.89,14.4,39.64,10.02,0.74,7.61,1.7,29.27,78.19,2.31,229.59,0.08,7.5,161.49,-0.05,62.89
2021-07-20,15.17,45.25,18.89,44.62,11.46,0.81,8.84,3.26,31.25,76.13,1.94,234.3,0,0,155.99,0,55.78
2021-07-21,18.06,52.92,40.86,50.44,9.3,0.96,8.08,3.24,27.39,79.64,1.32,244.6,0,0,65.35,-0.01,63.05
2021-07-22,13.54,44.8,23.35,34.15,10.44,0.62,7.15,2.83,26.53,80.15,0.4,242.85,0.01,1,90.54,-0.01,44.80
2021-07-23,21.29,70.53,20.76,36.97,10.23,0.71,7.06,2.89,26.97,80.46,2.93,241.86,0.01,1,89.74,-0.02,70.53
2021-07-24,34.27,108.6,15.18,42.47,11.67,0.83,6.91,3.68,28.4,77.07,2.23,238.56,0,0,76.52,-0.01,105.73
2021-07-25,31.86,114.52,12.74,37.79,10.5,1.03,7.05,2.06,29.86,79.07,2.25,228.31,0,0,93.41,-0.03,109.68
2021-07-26,27.42,85.36,11.34,36.4,10.5,0.73,6.85,2.42,30.46,76.96,2.51,227.8,0,0,133.82,-0.05,85.36
2021-07-27,26.73,104.66,17.96,34.58,9.93,0.78,6.52,2.82,31.71,72.04,2.46,233.17,0,0,97.62,-0.03,103.11
2021-07-28,24.15,83.49,17.56,32.62,9.4,0.63,7,2.84,32.45,66.39,2.88,245.16,0,0,140.97,-0.01,83.49
2021-07-29,25.99,71.89,28.84,36.54,10.13,0.74,6.85,3.23,28.08,77.39,1.86,261.58,0.01,0.5,43.62,0,71.89
2021-07-30,26.14,83.51,20.56,40.96,9.12,0.67,6.87,3.82,30.61,70.46,1.95,242.62,0,0,94.87,-0.01,83.51
2021-07-31,26.4,92.08,16.13,36.68,10.36,0.68,6.8,3.14,32.22,65.83,2.71,250.11,0,0,136.75,0,92.08
2021-08-01,22.99,85.62,14.4,35.69,10.35,0.68,7.09,2.68,32.71,66.09,2.71,230.14,0,0,147.17,-0.04,85.62
2021-08-02,29.59,104.48,18.6,40.15,8.33,0.72,6.88,3.04,33.71,65.95,2.28,233.62,0,0,153.73,-0.03,102.99
2021-08-03,27.24,90.17,14.3,34.08,7.4,0.76,7.83,2.6,32.96,68.02,2.24,220.54,0,0,150.34,0.03,90.17
2021-08-04,28.08,110.16,17.7,42.43,9.28,0.86,7.25,3.24,33.37,67.65,2.3,214.23,0.06,5,154.86,-0.03,106.77
2021-08-05,26.75,102.27,25.35,41.93,14.43,0.82,7.48,4.34,31,73.9,1.72,231.36,0.05,4.5,89.25,0,101.51
2021-08-06,23.96,90.84,20.53,36.38,11.84,0.76,8.14,4.72,33.26,68.09,2.05,217.34,0,0,136.16,0,90.84
2021-08-07,28,90.98,14.44,36.03,14.65,0.74,6.68,2.87,31.41,73.16,2.35,217.34,0,0,128.01,-0.05,90.98
2021-08-08,25.55,52.92,9.21,30.54,13.32,0.66,6.75,1.88,31.18,77.26,2.67,217.34,0,0,141.53,-0.09,52.92
2021-08-09,26.65,76.95,8.59,29.63,16.51,0.73,6.39,1.9,31.86,77.17,2.74,217.34,0,0,164.37,-0.09,76.95
2021-08-10,40.33,107.48,11.08,39.4,15.71,0.82,5.97,2.75,33.42,73.3,2.37,217.34,0,0,143.06,-0.03,104.99
2021-08-11,40.28,103.23,11.92,38.42,12.82,0.71,6.58,4.02,34.14,67.16,1.91,357,0,0,152.61,-0.02,102.15
2021-08-12,29.72,104.12,10.46,35.28,14.91,0.68,10.66,3.65,32.46,71.78,1.6,341,0,0,173.76,0.03,102.75
2021-08-13,28.47,70.54,13.73,31.58,14.32,0.74,27.59,2.81,31.16,73.25,2.81,217.34,0,0,187.4,-0.01,70.54
2021-08-14,25.4,71.45,16.44,33.6,16.9,0.66,18.48,2.51,29.6,75.84,2.04,357,0,0,155.76,0.02,71.45
2021-08-15,29.28,79.17,20.27,41.17,16.11,0.75,10.73,2.76,30.39,73.48,1.36,56,0,0,102.89,0.01,79.17
2021-08-16,32.98,79.36,28.26,44.55,12.64,0.81,9.71,5.32,29.01,78.81,1.39,217.34,0.02,2,96.52,0.03,79.36
2021-08-17,36.11,103.28,25.89,35.3,12.98,0.74,7.09,3.4,27.7,81.91,1.94,217.34,0.02,1.5,64.1,-0.02,102.19
2021-08-18,31.42,94.17,13.48,37.48,17.38,0.9,6.79,3.05,29.16,77.5,2.75,217.34,0,0,88.17,-0.08,94.17
2021-08-19,28.75,80.24,15.92,43.6,14.12,0.92,6.66,3.74,28.66,78.75,1.87,217.34,0,0,84.02,-0.05,80.24
2021-08-20,31.29,89.86,20.2,42.96,12.87,1.08,6.48,2.84,25.84,86.6,1.51,217.34,0.23,20,36.8,-0.01,89.86
2021-08-21,22.81,54.26,14.56,32.43,15.13,0.71,7.46,1.85,28.59,80.43,1.47,97,0.02,1.5,178.9,-0.04,54.26
2021-08-22,18.99,55.24,13.98,28.89,15.99,0.64,7.16,1.7,28.97,77.29,2.01,217.34,0,0,167.99,-0.07,55.24
2021-08-23,21.24,72.67,14.46,32.32,16.9,0.72,6.86,1.66,30.12,76.3,2.36,217.34,0,0,161.69,-0.05,72.67
2021-08-24,34.71,91.99,10.97,34.44,15.03,0.77,6.89,1.59,30.88,74.73,2.53,217.34,0,0,165.18,-0.08,91.99
2021-08-25,48.1,87.72,14.81,42.08,16.11,0.78,7.05,2.47,29.29,77.34,2.37,217.34,0.06,5.5,131.41,-0.04,87.72
2021-08-26,46.46,92.07,14.17,44.85,11.95,0.89,9.13,2.86,30.61,75,1.66,217.34,0,0,151.28,0,92.07
2021-08-27,42.45,118.92,30.75,60.79,12.29,0.89,9.44,7.36,28.19,81.33,0.92,259,0.02,2,49.42,0,112.61
2021-08-28,41.14,103.42,21.89,44.65,14.49,0.91,9.16,5.53,27.34,80.56,0.83,232.71,0,0,76.79,0,102.28
2021-08-29,39.64,94.85,14.33,34.7,14.72,0.75,11.59,3.34,28.14,79.7,0.74,238,0,0,74.45,-0.02,94.85
2021-08-30,21.08,51.76,6.57,24.04,13.61,0.64,14.82,1.3,27.47,81.46,0.86,291.33,0.06,5,87.42,0.03,51.76
2021-08-31,15.92,40.17,9.52,30.53,14.94,0.83,10.63,0.32,27.01,83.13,0.89,315.67,0.03,2.5,101.06,0,41.50
2021-09-01,19.94,67.38,25.92,29.09,13.95,0.69,12.43,4.29,28.9,79.24,1.1,164.5,0,0,181.8,0.05,67.38
2021-09-02,17.29,56.57,12.25,20.67,16.37,0.63,14.93,1.79,29.96,76.03,1.02,326,0,0,181.99,0.03,56.57
2021-09-03,17.72,67.15,15.36,24.38,15.94,0.68,13.62,3.11,30.79,75.39,1.11,237.31,0,0,177.29,0.05,67.15
2021-09-04,26.52,91.86,16.24,29.23,16.42,0.72,15.45,2.66,30.72,75.33,1.48,240.33,0,0,170.7,0.02,91.86
2021-09-05,21.81,54.76,11.29,29.8,18.12,0.71,13.32,2.09,28.82,79.57,1.86,230.48,0.16,13.5,126.82,0,54.76
2021-09-06,14,33.16,23.02,38.53,15.78,0.74,8.71,3.44,25.05,87.99,1.85,289.39,0.3,25.5,41.99,0,48.16
2021-09-07,17.22,59.88,15.4,37.6,15.74,0.85,8.8,3.28,27.45,82.55,2.5,260.1,0.15,13,105.32,-0.04,59.88
2021-09-08,21.75,77.52,16.86,46.33,13.66,0.98,8.74,5.59,28.16,82.07,1.97,259.38,0.69,61.5,94.19,-0.02,77.52
2021-09-09,21.56,83.39,23,45.65,14.43,0.97,16.36,6.55,31.52,73.4,1.88,276.2,0,0,138.67,-0.01,83.39
2021-09-10,21.1,52.26,33.69,33.39,15.31,0.89,8.67,5.53,28.11,81.5,1.12,236.51,0.02,2,52.73,0,52.26
2021-09-11,19,50.37,32.94,31.9,15.5,0.75,9.21,0.28,27.38,82.14,2.26,295.49,0,0,76.36,0,50.37
2021-09-12,18.66,49.77,32.58,32.08,16.65,0.84,8.83,0.1,26.75,83.29,1.85,298.1,0,0,38.75,0,49.77
2021-09-13,17.3,62.92,27.93,32.65,16.36,0.75,8.89,0.11,28.32,81.15,2.35,275.95,0,0,64.41,-0.02,62.92
2021-09-14,22.51,120.96,14.8,31.68,17.32,0.86,9.07,0.09,30.47,76.82,3.2,247.82,0,0,117.12,-0.07,113.97
2021-09-15,24.66,108.32,16.53,37.56,15.07,0.92,10.63,0.1,30.86,78.78,2.26,252.89,0.01,1,142.48,-0.05,105.55
2021-09-16,28.37,110.13,8.7,37.66,13.29,0.73,17.83,0.11,30.65,77.84,1.72,266.69,0,0,132.1,-0.04,106.75
2021-09-17,37.67,127.33,7.7,37.14,14.7,0.72,23.94,0.13,31.28,76,1.99,265.03,0,0,148.67,-0.04,118.22
2021-09-18,34.34,131.07,13.81,52.08,11.24,0.86,20.36,0.18,30.08,73.89,1.56,267.88,0,0,129.68,-0.03,120.71
2021-09-19,34.48,96.73,10.27,44.57,17.25,0.76,22.36,0.16,28.89,78.27,1.48,262.83,0.02,2,76.72,-0.02,96.73
2021-09-20,48.54,153.71,22.65,50.63,10.61,0.91,21.7,0.19,29.17,80.55,1.36,247.34,0,0,94.32,-0.03,135.81
2021-09-21,41.64,127.62,23.89,38.89,14.66,1.03,14.9,0.19,30.91,76.16,1.83,269.37,0,0,115.42,-0.01,118.41
2021-09-22,32.03,91.15,24.34,29.9,15.58,0.82,9.46,0.15,30.63,77.35,1.97,241.43,0,0,116.4,-0.04,91.15
2021-09-23,24.91,72.89,19.21,25.84,16.34,0.85,9.35,0.16,29.6,79.62,1.92,244.43,0.01,0.5,120.02,-0.03,72.89
2021-09-24,25.25,60.36,18.56,28.69,16.06,0.73,13.53,1.07,29.93,79.56,1.75,238.51,0,0,150.3,-0.01,60.36
2021-09-25,26.7,79.57,18.77,50.16,15.29,0.85,20.98,6.06,29.6,78.9,1.68,257.11,0.06,5.5,130.49,-0.01,79.57
2021-09-26,32.72,95.17,30.24,51.12,8.65,0.7,11.91,8.83,25.62,87.27,2.08,273.99,1.31,117,16.88,0.01,95.17
2021-09-27,8.42,40.62,18.23,24.11,15.28,0.41,20.69,4.03,25.25,89.77,2.99,186.59,1.12,101.5,20.25,-0.09,40.62
2021-09-28,28.01,64.76,43.2,62.24,9.9,1.44,12.12,10.63,25.07,88.42,0.78,236.37,0.21,19.5,26.85,0,77.80
2021-09-29,36.59,104.31,43.58,51.26,8.32,1.27,20.02,9.71,28.75,81.69,0.64,240.74,0,0,143.26,-0.01,102.87
2021-09-30,25.62,89.84,33.49,29.05,10.11,0.68,16.94,4.53,30.03,78.94,0.76,194.41,0,0,160.59,0.04,89.84
2021-10-01,12.52,56.73,21.27,16.44,11.86,0.43,12.99,1.77,30.78,76.96,1.15,183.64,0,0,167.73,0.05,56.73
2021-10-02,14.2,53.73,20.8,17.85,14.17,0.38,15.35,2.22,30.82,77.54,1.3,211.98,0,0,164.62,-0.01,53.73
2021-10-03,10.46,43.67,18.71,20.77,14.09,0.48,14,2.46,31.25,75.21,1.37,236.98,0,0,181.83,-0.03,43.67
2021-10-04,16.33,41.72,21.74,24.52,9.16,0.52,14.31,3.37,31.01,75.51,1.25,224.45,0,0,164.35,0.01,41.72
2021-10-05,20.71,76.87,24.19,21.83,9.8,0.33,12.52,3.67,30.96,75.16,1.83,163.5,0,0,176.16,0.06,76.87
2021-10-06,1.9,10.92,4.44,8.64,15.69,0.24,15.51,2.89,31.3,75.99,1.92,122.32,0,0,187.56,0.06,19.61
2021-10-07,10.79,57.24,23.69,22.94,11.63,0.37,17.06,5.03,31.32,76.29,1.36,223.67,0,0,133.61,0.02,57.24
2021-10-08,20.64,85.84,19.63,37.27,9.2,0.57,14.08,5.4,32.14,74.36,1.88,259.9,0,0,150.86,-0.03,85.84
2021-10-09,42.23,113.82,13.04,45.51,8.03,0.67,25.6,3.45,31.44,76.12,1.69,241.88,0,0,148.47,0,109.21
2021-10-10,63.37,154.25,14.54,44.83,8.83,0.58,26.8,6.72,32.33,73.99,1.35,210.4,0,0,140.66,0.04,136.17
2021-10-11,69.91,162.29,7.04,41.32,11.44,0.59,39.45,4.38,32.41,71,1.33,203.86,0,0,141.41,0.04,141.53
2021-10-12,93,206.64,8.21,56.97,9.37,0.91,29.97,5.62,31.68,72.63,1.11,224.8,0,0,76.95,0.02,210.00
2021-10-13,105.79,236.87,11.26,52.29,10.53,0.78,37.68,5.3,31.43,75.31,1.29,225.78,0,0,103.4,0.03,252.63
2021-10-14,86.39,206.16,12.52,67.9,9.54,1.11,32.37,7.54,31.62,71.86,0.92,241.16,0,0,75.9,0.01,187.97
2021-10-15,64.45,105.63,11.37,35.53,10.98,0.73,15.37,3.14,28.11,80.73,1.79,201.62,0.03,2.5,41.3,0.05,114.83
2021-10-16,12.82,30.95,5.86,13.31,14.59,0.53,21.36,1.44,28.41,82.19,1.76,173.02,0.5,45,99.87,0.04,30.95
2021-10-17,45.43,94.86,10.62,36.8,10.06,0.83,23.56,2.44,28.02,82.86,1.01,207.66,0,0,89.26,0.02,94.86
2021-10-18,25.78,64.94,8.56,31.37,12.55,0.67,16.73,2.11,30.16,81.07,1.55,239.97,0,0,109.51,-0.05,64.94
2021-10-19,51.83,125.47,15.39,47.93,9.55,1.04,19.18,5.19,30.57,80.06,1.49,248.05,0,0,100.37,-0.04,116.98
2021-10-20,83.25,202.73,47.12,79.85,7.65,2,16.34,7.27,29.51,82.14,0.76,230.37,0.2,18.5,79.49,0,177.50
2021-10-21,68.55,137.82,6.77,41.35,8.77,0.89,25.97,2.18,30.7,79.97,1.37,232.69,0,0,126.39,-0.01,128.50
2021-10-22,63.21,124.85,12.01,38.53,9.66,0.9,25.03,29.15,29.69,80.62,1.46,208.62,0.14,11.5,103.86,0.04,116.57
2021-10-23,35.09,102.2,9.8,30.79,13.06,0.74,24.8,4.87,29.6,76.28,1.49,159.86,0,0,112.64,0.04,101.47
2021-10-24,43.62,99.47,2.67,22.49,12.17,0.65,41.25,49.1,29.88,71.85,1.38,131.89,0,0,121.76,0.03,99.47
2021-10-25,50.5,165.43,6.11,43.13,12.74,0.89,47.96,55.86,29.4,68.27,1.54,195.78,0,0,129.94,0.04,143.62
2021-10-26,54.32,176.83,9.87,39.03,8.29,0.78,35.99,33.75,29.84,67.18,1.69,198.38,0,0,138.08,0.06,151.22
2021-10-27,56.55,108.86,4.3,18.86,13.35,0.73,36.01,22.45,30.35,68.14,2.23,170.48,0,0,138.16,0.06,105.91
2021-10-28,66.83,120.49,5.3,13.52,13.93,0.74,28.14,5.39,29.57,70.57,2.62,148.48,0,0,71.67,0.08,122.77
2021-10-29,36.46,66.97,5.6,13.93,14.02,0.67,22.15,3.56,28.63,76.57,2.44,137.35,0.02,2,118.54,0.07,66.97
2021-10-30,13.12,31.39,3.63,11.93,13.36,0.51,20.14,60.22,28.72,77.78,2.34,121.52,0,0,127.71,0.07,31.39
2021-10-31,37.3,71.14,2.8,18.25,23.49,0.71,33.08,48.81,28.77,76.14,2.08,128.26,0,0,102.03,0.06,71.14
2021-11-01,42.28,75.56,3.03,13.66,23.06,0.6,36.94,72.33,28.95,76.98,2.35,139.16,0,0,116.81,0.08,75.56
2021-11-02,16.12,32.02,4.41,13.61,22.58,0.46,24.92,22.52,26.37,81.98,2.28,125.62,0.05,4,67.24,0.07,32.02
2021-11-03,27.4,47.73,6.8,21.33,24.49,0.57,24.39,7.39,25.59,81.59,2.29,131,0.22,21,67.59,0.05,47.73
2021-11-04,63.36,90.46,8.19,22.55,42.75,0.56,30.49,4.62,25.18,82.97,2.04,116.72,0.06,5.5,78.83,0.04,111.20
2021-11-05,55.66,95.18,4.76,16.45,18.28,0.62,49.33,4.54,26.79,77.34,2.11,111.76,0,0,72.51,0.05,95.18
2021-11-06,82.18,133.36,5.34,19.78,18.9,0.7,62.76,3.46,27.44,73.97,2.42,107.46,0,0,119.48,0.08,173.93
2021-11-07,74.76,132.5,6.23,32.39,17.46,0.84,67.58,3.04,26.31,67.22,1.8,116.09,0,0,92.1,0.04,149.20
2021-11-08,68.32,132.6,4.55,28.21,16.55,0.82,63.47,2.5,26.39,63.24,2.18,137.52,0,0,131.29,0.07,127.73
2021-11-09,80.46,133.19,3.17,26.68,17.05,0.85,73.58,2.08,26.48,65.8,2.22,137.36,0,0,110.51,0.07,168.20
2021-11-10,84.59,142.3,3.1,18.19,17.24,0.86,55.28,1.82,26.88,66.99,2.77,168.21,0,0,91.83,0.1,181.97
2021-11-11,54.01,85.08,7.68,20.48,17.09,0.67,18.09,1.77,24.81,77.16,3.1,185.22,0.08,7,48.48,0.1,90.02
2021-11-12,15.95,22.84,11.99,18.7,17.39,0.53,13.52,1.75,24.66,86.82,2.46,170.16,0.06,5,49.57,0.06,26.58
2021-11-13,11.62,18.72,11.44,21.26,17.29,0.54,13.49,2.23,26.08,86.32,1.02,139.99,0.32,27.5,86.99,0.04,27.00
2021-11-14,5.29,22.89,5.92,17.58,16.94,0.45,14.7,1.59,26.72,84.47,0.71,115.16,0.14,12.5,99.45,0.03,22.89
2021-11-15,9.57,24.38,4.61,14.35,17.08,0.42,16.03,1.52,28.27,80.85,0.98,127.68,0,0,126.14,0.04,24.38
2021-11-16,15.62,31.85,8.78,17.79,16.9,0.54,16.11,2.04,27.47,82.74,1.32,160.25,0.06,5.5,128.02,0.06,31.85
2021-11-17,52.51,88.23,4.03,10.79,17.7,0.6,25.89,0.8,27.58,78.74,2.65,114.39,0,0,106.8,0.12,88.23
2021-11-18,80.99,128.5,2.72,21.15,17.18,0.81,38.91,0.92,25.17,74.55,2.68,115.17,0,0,30.74,0.11,169.97
2021-11-19,59.49,87.24,3.64,21.23,16.4,0.73,32.9,0.91,24.15,79.82,2.56,117.83,0.04,4,34.4,0.09,99.15
2021-11-20,35.27,54.7,5.69,20.36,17.26,0.63,26.2,1.05,25.7,85.15,1.82,125.75,0.21,19.5,73.77,0.05,58.78
2021-11-21,24.02,46.54,4.19,17.02,17.58,0.55,21.02,0.77,27.52,82.48,1.55,125.18,0,0,118.18,0.05,46.54
2021-11-22,28.45,79.7,31.88,30.23,15.14,0.66,17.99,2.41,27.94,81.43,1.2,202.38,0,0,132.06,0.05,79.70
2021-11-23,28.43,90.61,18.15,28.09,15.39,0.63,19.8,1.68,28.3,79.64,0.95,190.53,0,0,115.75,0.04,90.61
2021-11-24,30.93,57,4.03,19.36,15.96,0.58,24.83,1.04,28.59,77.4,1.47,128.53,0,0,136.15,0.07,57.00
2021-11-25,76.69,121.32,2.65,16.12,16.66,0.71,50.2,0.76,27.76,78.77,1.49,124.44,0,0,113.4,0.06,155.63
2021-11-26,72.14,116.05,3.4,20.2,17.11,0.69,48.27,7.69,28.22,75.84,1.53,131.38,0,0,131.55,0.07,140.47
2021-11-27,80.69,126.04,3.23,17.64,17.89,0.61,55.82,0.51,27.84,69.65,2.19,118.22,0,0,110.81,0.1,168.97
2021-11-28,101.07,150.8,3.29,16.38,16.61,0.64,68.65,0.38,26.64,67.61,2.61,115.64,0,0,74.38,0.11,236.90
2021-11-29,66.02,133.8,3.86,32.09,16.4,0.72,65.16,0.91,26.8,62.1,1.92,122.52,0,0,104.1,0.07,122.53
2021-11-30,68.49,126.22,3,29.15,17.49,0.65,82.99,0.79,25.67,62.34,1.91,125.76,0,0,119.67,0.07,128.30
2021-12-01,81.67,140.84,3.18,32.91,17.83,0.66,80.31,0.72,24.68,64.28,1.92,126.62,0,0,115.51,0.07,172.23
2021-12-02,67.02,120.02,3.43,28.26,18.6,0.63,78.91,0.57,25.4,64.99,1.71,131.72,0,0,129.26,0.08,123.40
2021-12-03,50.31,90.1,7.51,26.08,16.5,0.56,35.34,0.75,23.64,70.8,3.2,128.34,0,0,26.57,0.11,90.10
2021-12-04,26.94,43.13,8.93,16.68,16.81,0.39,17.81,0.66,23.49,74.4,3.92,146.65,0.01,0.5,49.49,0.16,44.90
2021-12-05,21.85,43.03,8.17,20.57,16,0.45,28.9,0.8,26.71,74.21,1.27,163.62,0,0,91.72,0.04,43.03
2021-12-06,19.72,35.83,5.73,17.42,18.24,0.37,30.48,0.66,25.68,77.54,1.15,129.73,0,0,83.77,0.06,35.83
2021-12-07,24.44,52.41,5.74,16.99,17.35,0.43,38.34,0.59,26.73,76.3,1.16,129.57,0,0,123.29,0.07,52.41
2021-12-08,34.96,80.97,4.95,15.77,16.15,0.46,46.07,0.5,25.93,73.29,2.08,123.13,0,0,81.9,0.1,80.97
2021-12-09,27.82,62.8,8.74,28.38,16.76,0.54,23.09,1.14,24.99,75.09,1.81,133.43,0,0,63.8,0.05,62.80
2021-12-10,24.08,60.64,7.32,25.55,16.87,0.44,39.78,0.7,24.98,74.7,2.01,121.4,0,0,122.13,0.08,60.64
2021-12-11,22.48,56.05,4.65,18.61,28.4,0.4,56.2,31.52,26.3,75.83,1.67,129.05,0,0,123.3,0.07,56.20
2021-12-12,39.58,81.03,3.42,15.75,15.29,0.39,54.46,69.09,26.08,72.28,2.59,119.46,0,0,113.86,0.07,81.03
2021-12-13,84.26,145.48,4.17,20.12,11.42,0.64,27.68,17.82,25.2,72.92,2.43,116.96,0,0,105.16,0.05,180.87
2021-12-14,81.2,137.96,4.86,25.21,22.41,0.64,40.86,81.85,24.59,68.57,2.23,119.55,0,0,120.37,0.07,170.67
2021-12-15,86.13,152.3,6.59,41.3,12.53,0.72,37.13,47.57,23.28,64.79,1.89,128.35,0,0,95.93,0.05,187.10
2021-12-16,77.44,142.07,5.88,40.5,15.41,0.64,36.76,25.15,23.25,63.6,1.74,147.26,0,0,118.45,0.05,158.13
2021-12-17,53.63,109.08,6.76,44.26,14.57,0.57,38.39,15.44,22.27,59.01,1.65,149.72,0,0,116.66,0.04,106.05
2021-12-18,64.69,165.63,12.01,58.37,11.12,0.64,30.93,11.83,22.29,60.86,1.54,179.66,0,0,127.82,0.06,143.75
2021-12-19,82.54,162.4,12.79,53.24,16.37,0.75,36.25,10.03,22.94,65.75,0.83,185,0,0,114.35,0.03,175.13
2021-12-20,107.68,204.05,10.51,62.21,16.71,0.85,31.2,9.33,22.59,68.72,0.76,186.53,0,0,106.16,0.03,258.93
2021-12-21,52.52,120.64,15.82,52.95,17.84,0.76,37.94,6.67,22.08,61.64,1.18,160.86,0,0,114.63,0.04,113.76
2021-12-22,102.11,231.07,38.92,90.02,16.33,1.06,31.23,10.59,21.29,73.08,0.64,224.82,0,0,114.31,0.03,240.37
2021-12-23,114.05,226.86,35.3,79.39,15.14,1.12,25.89,8.47,21.46,79.08,0.55,234.2,0,0,112.98,0.01,280.17
2021-12-24,107.38,205.48,38.43,64.99,10.36,0.97,29.51,6.62,21.8,79.85,0.6,232.66,0,0,114.78,0.02,257.93
2021-12-25,75.28,149.07,22.84,56.17,12.45,0.76,19.28,4.91,22.72,79.7,0.63,239.54,0,0,108.84,-0.03,150.93
2021-12-26,67.93,129.44,17.92,52.81,16.23,0.74,20.68,4.16,23.69,78.43,0.6,237.28,0,0,97.18,-0.03,126.43
2021-12-27,63.18,137.52,18.48,52.16,10.96,0.73,22.54,5.29,24.39,76.15,0.52,200.53,0,0,112.95,0.01,125.01
2021-12-28,65.82,145.76,42.82,54.76,11.66,0.71,24.75,5.11,24.29,75.2,0.62,174.83,0,0,113.74,0.03,130.51
2021-12-29,54.87,101.28,5.16,23.56,15.18,0.54,29.07,2.3,24.14,78.45,0.71,130.86,0,0,82.53,0.05,100.85
2021-12-30,54.47,110.73,5.53,19.23,16.34,0.52,27.89,2.05,23.36,74,1.79,121.67,0,0,115.56,0.11,107.15
2021-12-31,29.44,67.26,4.32,21.2,16.97,0.45,30.72,1.58,23.32,71.43,1.63,121.46,0,0,117.15,0.08,67.26
2022-01-01,58.93,99.24,4.9,21.1,18.05,0.54,36.56,1.24,22.94,73.94,1.28,120.64,0,0,121.4,0.06,99.24
2022-01-02,68.36,111.33,4.88,21.6,20.32,0.54,36.29,1.16,22.99,73.74,0.69,134.84,0,0,108.31,0.06,127.87
2022-01-03,75.22,125.7,6.7,34.56,25.73,0.66,36.69,1.66,21.92,71.57,0.77,133.44,0,0,115.7,0.06,150.73
2022-01-04,61.2,112.87,6.69,36.17,20.03,0.56,46.42,2.08,22.23,68.65,0.67,141.94,0,0,136.34,0.06,108.58
2022-01-05,71,135.67,12.18,44.66,16.44,0.73,41.23,2.53,22.23,74.09,0.6,167.14,0,0,121.02,0.04,136.67
2022-01-06,87.15,190.14,18.16,62.16,15.59,0.82,14.04,4.13,22.55,76.51,0.55,186.52,0,0,111.39,0.03,190.50
2022-01-07,73.23,125.09,6.71,33.01,16.63,0.69,40.66,1.75,23.18,78.07,0.73,138.07,0,0,116.28,0.06,144.10
2022-01-08,114.11,194.57,13.07,50.4,17.41,0.88,30.85,3.61,22.85,77.32,0.69,171.71,0,0,105.27,0.04,280.37
2022-01-09,101.79,177.33,14.28,51.3,15.54,0.81,22.76,3.68,23.19,77.56,0.47,190.08,0,0,103.29,0.03,239.30
2022-01-10,61.06,129.72,36.76,56.59,12.94,0.7,24.03,4.27,23.47,78.33,0.61,188.83,0,0,112.38,0.05,119.81
2022-01-11,34.95,80.62,16.54,37.24,15.29,0.55,16.26,2.64,24.03,76.51,0.8,160.21,0,0,122.84,0.06,80.62
2022-01-12,25.7,56.9,5.22,21.22,14.59,0.41,21.54,1.34,24.21,77.28,0.62,125.56,0,0,104.47,0.05,56.90
2022-01-13,31.65,64.89,5.85,25.61,16.32,0.49,20.09,1.48,22.85,81.82,0.94,137.6,0.2,17.5,82.73,0.06,64.89
2022-01-14,38.27,59.88,5.35,20.03,16.1,0.59,18.45,0.9,22.49,82.38,2.26,124.12,0.07,6,119.67,0.07,63.78
2022-01-15,35.72,60.45,3.83,13.15,15.87,0.37,23.09,0.59,22.65,79.74,1.14,118.39,0,0,119.02,0.07,60.45
2022-01-16,43.82,69.64,3.66,11.38,17.27,0.44,29.85,0.4,22.71,76.13,1.13,116.81,0,0,132.25,0.09,73.03
2022-01-17,67.81,107.46,4.67,21.12,18.62,0.51,35.23,0.76,22.58,74.54,0.78,123.55,0,0,132.58,0.06,126.03
2022-01-18,72.77,115.85,5.14,26.71,19.61,0.56,36.88,1.05,22.06,70.78,0.84,137.93,0,0,129.17,0.05,142.57
2022-01-19,94.97,197.08,31.99,69.64,27.08,0.78,27.19,5.06,22.12,73.98,0.39,217.99,0,0,132.08,0.03,216.57
2022-01-20,98.01,170.5,25.63,61.06,17.72,0.69,22.46,3.67,22.73,78.69,0.52,230.36,0,0,119.77,-0.01,226.70
2022-01-21,81.7,163.36,10.68,51.78,24.49,0.68,13.53,1.83,23.69,79.08,0.86,267.48,0,0,109.79,-0.06,172.33
2022-01-22,75.68,143.77,15.49,50.24,27.66,0.66,18.26,1.89,24.13,77.61,0.54,255.98,0,0,134.89,-0.03,152.27
2022-01-23,69.07,164.29,27.98,49.68,17.76,0.63,12.44,2.53,24.65,79.36,0.84,253.09,0,0,103.86,-0.05,142.86
2022-01-24,49.97,98.78,9.96,34.02,19.25,0.46,16.55,1.2,24.87,81.05,0.65,221.52,0.04,4,90.41,0,98.78
2022-01-25,46.53,92.74,8.82,27.17,14.98,0.42,23.91,1.15,24.41,79.1,1.1,151.64,0,0,126.78,0.07,92.74
2022-01-26,31.73,78.75,5.59,22.19,15.59,0.41,24.23,0.97,23.79,77.68,0.98,143.13,0,0,119.65,0.05,78.75
2022-01-27,65.04,213.11,12.97,37.43,17.56,0.47,26.69,1.99,23.83,74.86,0.88,167.08,0,0,122.45,0.07,175.41
2022-01-28,75.18,188.27,4.38,23.48,19.15,0.49,41.05,0.87,22.45,70.03,1.22,120.68,0,0,136.88,0.06,158.85
2022-01-29,53.06,126.12,9.02,38.73,18.52,0.55,38.31,2.48,21.51,65.12,1.51,132.79,0,0,142.31,0.06,117.41
2022-01-30,82.59,215.46,19.83,67.13,13.97,0.67,33.15,4.77,21.09,73.16,0.63,230.9,0,0,147.19,0.01,176.97
2022-01-31,91.96,231.97,26.49,69.58,12.32,0.73,27.2,4.58,22.34,75.64,0.79,238.87,0,0,135.78,-0.03,206.53
2022-02-01,61.68,160.5,13.87,61.84,16.17,0.74,15.43,1.89,22.99,76.82,0.92,251.76,0,0,154.04,-0.07,140.33
2022-02-02,40.42,106.76,14.87,48.07,15.04,0.3,17.44,1.91,23.54,77.45,1.09,233.51,0,0,135.14,-0.05,104.51
2022-02-03,27.89,65.7,7.68,36.65,14.5,0.35,17.22,1.92,25.45,71.26,1.83,225,0,0,176.28,-0.13,65.70
2022-02-04,37.21,96.87,10.82,46.31,12.93,0.48,11.42,1.9,24.43,76.09,1.52,247.35,0,0,104.59,-0.09,96.87
2022-02-05,32.24,105.94,7.93,35.92,14.52,0.41,27.32,1.39,25.11,67.84,0.71,199.72,0,0,151.83,0.06,103.96
2022-02-06,41.33,114.4,11.07,42.6,15.26,0.47,55.73,1.98,23.74,67.2,0.92,156.99,0,0,148.82,0.05,109.60
2022-02-07,53.54,114.8,20.75,61.41,13.25,0.59,36.16,4.15,23.73,71.45,0.65,224.15,0,0,151.78,0.04,109.87
2022-02-08,51.94,153.91,23.44,57.38,11.6,0.54,25.64,3.32,24.53,72.58,0.7,212.58,0,0,150.37,0.04,135.94
2022-02-09,51.23,166.28,38.85,54.75,9.52,0.45,31.48,3.23,24.47,71.28,0.37,182.6,0,0,143.14,0.04,144.19
2022-02-10,59.62,170.89,23.96,62.32,12.09,0.51,40.46,0.28,23.81,72.57,0.5,217.77,0,0,142.07,0.01,147.26
2022-02-11,39.82,137.86,31.6,47.39,10.69,0.31,20.01,0.16,24.92,74.55,0.78,182.74,0,0,142.56,0.06,125.24
2022-02-12,75.23,135.46,4.14,18.07,15.68,0.39,44.27,0.03,26.22,70.08,1.56,115.92,0,0,181.69,0.1,150.77
2022-02-13,60.95,117.77,4.33,27.37,17.03,0.44,47.55,0.03,24.09,65.2,0.98,131.02,0,0,158.55,0.06,111.85
2022-02-14,53.02,134.24,12.13,49.9,14.35,0.45,45.06,0.03,23.32,65.18,1.13,168.91,0,0,157.92,0.06,122.83
2022-02-15,59.12,133.87,10.28,62.28,15.8,0.59,42.42,0.02,23.7,64.85,1.07,190.84,0,0,154.12,0.05,122.58
2022-02-16,87.4,205.26,28.7,79.43,14.1,0.66,53.85,0.08,23.78,70.24,0.49,223.81,0,0,150.75,0.02,191.33
2022-02-17,84.53,189.84,30.83,64.95,9.64,0.56,28.39,0.01,24.44,73.74,0.4,196.02,0,0,118.27,0.04,181.77
2022-02-18,81.87,164.43,18.56,48.02,16.21,0.53,34.13,0.7,25.34,74.69,0.58,190.93,0,0,129.31,0.06,172.90
2022-02-19,82.86,149.84,10.53,36.57,15.02,0.39,39.96,0.02,26.5,75.49,0.59,204.78,0,0,132.53,0,176.20
2022-02-20,85.97,186.49,9.57,50.7,17.68,0.48,19.78,0.02,26.89,74.23,1.52,262.29,0,0,137.89,-0.08,186.57
2022-02-21,56.25,113.99,10.41,47.77,14.9,0.43,19.8,0.04,27.04,68.66,0.96,242.27,0,0,147.79,-0.06,109.33
2022-02-22,51.24,104.86,9.54,31.92,14.73,0.4,29.58,0.14,28.04,77.07,0.54,206.26,0,0,162.28,0.03,103.24
2022-02-23,41.59,106.04,21.45,37.33,11.18,0.24,16.61,0.58,27.68,75.14,0.6,197.9,0,0,146.01,0.04,104.03
2022-02-24,30.44,75.06,22.44,32.76,15.71,0.37,15.67,0.24,27.18,73.43,0.73,209.67,0,0,158.62,-0.01,75.06
2022-02-25,40.77,102.09,20.4,42.77,13.1,0.38,16.79,0.04,26.39,73.08,0.69,226.27,0,0,167.12,0.03,101.39
2022-02-26,43.76,115.71,33.67,47.13,10.96,0.42,20.82,0.01,25.29,73.31,0.61,190.36,0,0,115.99,0.05,110.47
2022-02-27,33.87,92.09,22.53,42.32,13.82,0.43,14.83,0.01,25.71,71.87,0.53,202.57,0,0,179.67,0.06,92.09
2022-02-28,50.98,143.62,31.36,67.35,10.49,0.54,106.73,0.01,25.86,70.45,0.45,220.47,0,0,176.38,0.03,129.08
2022-03-01,65.15,149.28,30.35,66.74,9.33,0.6,39.63,0,26.71,72.6,0.5,216.22,0,0,174.15,0.04,132.85
2022-03-02,29.34,96.37,35.18,46.54,10.69,0.36,17.73,0,27.38,66.6,0.66,175.3,0,0,161.79,0.06,96.37
2022-03-03,36.1,101.66,16.13,32.61,10.62,0.42,23.69,0.02,27.59,71.54,0.82,155.37,0,0,159.02,0.06,101.11
2022-03-04,67.32,162.39,21.96,58.54,14.9,0.48,35.85,0,26.9,69.54,0.54,185.96,0,0,144.64,0.03,141.59
2022-03-05,53.11,146.75,37.29,67.58,11.65,0.58,25.58,0,29.09,58.41,0.42,202.17,0,0,134.25,0.01,131.17
2022-03-06,56.69,187.02,33.46,69.15,14.66,0.48,59.3,0,28.61,61.75,0.71,244.6,0,0,150.7,-0.01,158.01
2022-03-07,61.85,142.43,17.92,64.16,16.52,0.59,15.91,0,28.49,68.03,0.73,231.19,0,0,161.42,0.01,128.29
2022-03-08,51.46,138.02,16.91,47.85,7.77,0.51,26.12,0,27.76,73.58,0.79,225.28,0,0,150.11,-0.04,125.35
2022-03-09,61.7,152.61,17.85,57.51,12.33,0.5,16.95,0,28.25,73,0.61,229.22,0,0,149.37,-0.01,135.07
2022-03-10,79.22,180.54,20.68,66.95,12.91,0.52,21.99,0,28.59,70.53,0.62,233.64,0,0,155.88,-0.01,164.07
2022-03-11,70,171.27,18.22,62.77,10.32,0.49,32.14,0,29.03,67.62,0.68,222.46,0,0,160.88,0.02,147.51
2022-03-12,73.55,186.22,24.86,74.92,13.07,0.9,27.02,0,29.26,64.6,0.7,227.31,0,0,148.05,-0.01,157.48
2022-03-13,82.01,217.38,30.86,71.82,8.29,0.64,26.77,0,28.74,66.69,0.65,225.46,0,0,126.39,0.01,178.25
2022-03-14,74.22,174.1,22.41,80.7,13.28,0.71,28.55,0,29.81,61.04,0.58,233.13,0,0,161.14,0,149.40
2022-03-15,83.38,208.34,26.17,89.85,11.89,0.6,27.21,0.02,29.41,63.77,0.61,230.12,0,0,150.49,-0.02,177.93
2022-03-16,64.48,170.7,21.56,65.82,15.29,0.59,20.91,0,31.03,63.93,0.91,250.22,0,0,159.03,-0.05,147.13
2022-03-17,48.02,124.52,7.18,41.74,13.16,0.39,14.38,0,29.48,74.84,1.24,242.27,0,0,162.9,-0.08,116.35
2022-03-18,41.21,97.79,6.38,32.73,13.92,0.27,14.85,0.01,28.26,77.25,0.78,223.04,0,0,155.64,-0.01,97.79
2022-03-19,39.33,110.68,13.76,43.44,14.21,0.34,12.2,0,28.41,75.04,0.96,234.23,0,0,146.99,-0.06,107.12
2022-03-20,39.56,120.41,11.22,36.37,12.74,0.65,8.31,0.69,29.49,75.85,1.01,239.67,0,0,129.24,-0.09,113.61
2022-03-21,46.78,108.16,5.86,23.87,12.47,0.55,14.97,0.87,30.28,77.45,1,223.71,0,0,146.54,-0.08,105.44
2022-03-22,51.66,116.56,6.01,25.47,13.47,0.79,23.48,1.05,30.78,78.96,1.04,231.46,0,0,134.57,-0.08,111.04
2022-03-23,52.53,114.07,5.59,19.52,12.95,0.73,29.25,0.79,30.09,79.58,1.24,219.7,0,0,127.98,-0.1,109.38
2022-03-24,51.08,118.06,6.89,23.78,13.1,0.76,19.92,0.97,29.89,78.67,1.22,242.55,0,0,115.76,-0.09,112.04
2022-03-25,43.12,120.28,11.54,28.2,14.46,0.81,15.84,1.29,30.23,76.55,1.36,251.28,0,0,150.41,-0.08,113.52
2022-03-26,43.82,135.49,17.05,30.61,21.27,0.86,10.48,1.25,30.64,73.5,1.38,252.89,0,0,143.49,-0.08,123.66
2022-03-27,43.05,133.3,24.38,28.08,31.86,0.72,11.34,1.25,31.1,73.91,1.2,248.94,0,0,141.56,-0.09,122.20
2022-03-28,32.44,102.5,15.04,20.16,17.85,0.67,10.84,1.14,31.01,74.07,1.35,256.41,0,0,126.37,-0.07,101.67
2022-03-29,30.56,112.77,17.25,19.23,22,0.73,10.99,1.31,30.99,75.65,1.42,253.24,0,0,137.55,-0.07,108.51
2022-03-30,27,105.21,8.84,16.56,13.27,0.68,13.42,1.18,30.94,76.38,1.69,246,0,0,136.63,-0.1,103.47
2022-03-31,30.14,112.62,6.54,14.82,14.09,0.86,14.3,1.01,31.16,78.12,1.62,237.26,0,0,117.12,-0.1,108.41
2022-04-01,22.48,92.11,8.06,13.34,14.17,0.65,16.71,1.06,31.23,75.2,1.74,242.48,0,0,152.28,-0.1,92.11
2022-04-02,21.05,91.05,8.64,12.2,15.22,0.65,13.56,0.91,30.82,74.77,1.83,245.99,0,0,146.93,-0.1,91.05
2022-04-03,23.55,93.35,10.92,16.07,22.1,0.67,13.45,0.91,30.72,74.68,1.51,243.52,0,0,150.68,-0.1,93.35
2022-04-04,13.43,53.4,7.77,8.69,18.11,0.5,12.42,0.83,30.57,75.48,1.92,235.56,0,0,159.23,-0.1,53.40
2022-04-05,12.3,41.07,8.49,15.78,17.48,0.52,19.04,0.99,31.71,72.56,2.24,220.81,0,0,224.21,-0.14,41.07
2022-04-06,17.66,75.01,11.31,25.5,17.77,0.53,22.55,0.99,29.75,77.19,1.22,237.38,0,0,133.87,-0.07,75.01
2022-04-07,26.36,81.66,9.83,27.77,15.44,0.61,36.27,1.05,29.88,76.91,1.23,232.75,0,0,146.88,-0.06,81.66
2022-04-08,18.62,58.53,12.91,28.29,15.8,0.72,23.72,1.1,30.19,76.49,1.38,240.87,0,0,149.81,-0.07,58.53
2022-04-09,18.78,54.33,13.02,28.03,14.14,0.75,35.87,1.1,30.67,76.93,1.45,241.73,0,0,142.01,-0.08,54.33
2022-04-10,11.73,28.82,7.67,24.88,15.25,0.58,22.6,0.76,31.12,74.75,1.59,232.7,0,0,134.54,-0.1,31.10
2022-04-11,14.73,36.46,11.26,25.37,13.2,0.62,6.91,1.12,30.86,75.89,1.62,226.89,0,0,135.78,-0.1,36.46
2022-04-12,11.59,36.85,10.81,24.39,8.2,0.53,17.63,1,31.28,75,1.72,228.9,0,0,139.14,-0.1,36.85
2022-04-13,13.73,58.99,13.02,25.34,15.08,0.57,21.27,1.05,31.67,75.21,1.96,234.49,0,0,147.83,-0.12,58.99
2022-04-14,14.46,75.42,15.65,29.51,15.47,0.55,19.11,1.14,32.29,73.19,2.11,234.54,0,0,140.58,-0.12,75.42
2022-04-15,16.43,79.75,15.34,29.32,15.09,0.56,25.37,1.38,31.93,75.38,2.19,235.08,0,0,138.79,-0.1,79.75
2022-04-16,21.96,95.29,15.07,30.47,11.77,0.68,9.99,1.6,32.6,73.06,1.8,233.27,0,0,148.4,-0.07,95.29
2022-04-17,18.8,77.36,8.83,28.6,15.45,0.54,13.04,1.11,32.91,73.81,1.58,232.76,0,0,128.74,-0.08,77.36
2022-04-18,23.03,85.25,12.46,34.67,14.33,0.61,13.38,1.44,32.76,74.15,1.88,237.32,0,0,142.64,-0.07,85.25
2022-04-19,29.4,95.38,8.45,41.17,15.94,0.63,14.01,1.3,32.16,73.14,1.86,241.08,0,0,140.8,-0.07,95.38
2022-04-20,21.56,72.91,9.03,27.85,12.16,0.52,12.3,1.14,31.87,76.79,2.06,234.93,0,0,137.54,-0.08,72.91
2022-04-21,19.12,74.97,9.48,21.96,16.41,0.61,10.67,1.15,31.95,74.73,2.08,222.28,0,0,116.59,-0.11,74.97
2022-04-22,14.99,69.53,13.37,27.61,15.34,0.63,15.85,1.28,32.62,70.84,1.64,246.28,0,0,142.07,-0.03,69.53
2022-04-23,15.42,70.25,18.67,33.4,21.21,0.65,12.62,1.37,32.9,72.2,1.85,239.15,0,0,146.21,-0.05,70.25
2022-04-24,24.26,101.33,17.26,42.52,23.25,0.63,21.28,1.31,34.04,67.63,1.48,244.85,0,0,131.1,-0.02,100.89
2022-04-25,29.42,116.33,18.32,40.06,12.59,0.94,12.58,1.64,33.08,75.49,1.68,236.56,0,0,143.56,-0.05,110.89
2022-04-26,23.82,106.35,14.7,37.72,22.84,0.73,11.03,1.36,32.71,74.24,1.9,231.14,0,0,143.43,-0.08,104.23
2022-04-27,24.93,103.84,17.87,34.01,17.71,0.78,22.77,1.37,32.9,75.04,1.85,237.04,0,0,142.16,-0.06,102.56
2022-04-28,26.66,113.77,20.43,35.79,17.38,0.76,7.11,1.1,33.09,74,1.91,237.72,0,0,121.07,-0.08,109.18
2022-04-29,26.27,111.08,19.07,33.79,14.04,0.61,7.95,1.39,32.43,74.36,1.68,241.46,0,0,132.74,-0.06,107.39
2022-04-30,31.57,125.3,8.47,31.68,17.29,0.57,9.33,1.13,33.49,74.51,2.26,230.17,0,0,143.55,-0.09,116.87
2022-05-01,24.04,94,10.09,31.25,15.48,0.19,12.99,0.96,32.65,77.15,1.95,228.71,0,0,117.99,-0.03,94.00
2022-05-02,25.27,80.93,6.34,20.03,13.94,0.41,19.77,0.84,32.71,77.32,1.91,208.92,0,0,121.74,-0.03,80.93
2022-05-03,25.84,72.78,12.12,26.95,12.93,0.36,16.8,0.94,30.98,75.53,2.49,223.98,0.12,11,132.51,-0.01,72.78
2022-05-04,35.47,104.07,12.26,38.51,13.4,0.35,21.56,1.79,31.92,74.57,1.29,230.2,0.11,9.5,119.83,-0.02,102.71
2022-05-05,30.88,95.57,12.26,39.38,10.45,0.29,17.62,1.63,31.76,73.87,1.89,237.49,0,0,144.32,-0.01,95.57
2022-05-06,40.81,126.8,19,50.26,12.4,0.16,21.95,2.23,31.41,73.13,1.15,213.37,0,0,130.51,0.01,117.87
2022-05-07,36.07,116.48,10.55,41.25,11.33,0.19,24.85,1.7,33.2,70.17,1.26,199.06,0,0,136.09,-0.02,110.99
2022-05-08,32.05,101.8,12.39,24.43,13.63,0.17,27,1.4,32.47,73.48,1.62,165.67,0,0,143.67,0.04,101.20
2022-05-09,17.23,60.51,5.34,11,15.2,0.1,19.85,0.55,32.46,70.98,3.32,147.36,0,0,130.48,0.14,60.51
2022-05-10,20.63,45.01,4.52,12.67,16.59,0.12,30.29,0.79,28.59,81.84,3.37,132.55,0.55,49,53.1,0.11,45.01
2022-05-11,32.14,85.62,2.76,9.33,15.33,0.12,51.83,0.44,29.85,81.47,2.6,118.64,0.03,3,59.85,0.04,85.62
2022-05-12,31.71,85.56,3.75,12.82,15.28,0.16,44,0.55,31.63,77.7,1.1,177.51,0.02,2,135.17,-0.03,85.56
2022-05-13,39.55,93.22,5.55,23.98,14.43,0.12,32.12,0.68,32.01,75.85,1.21,210.33,0,0,158.86,-0.02,93.22
2022-05-14,28.67,73.16,5.92,23.96,14.76,0.15,28.24,0.73,32.36,78.09,1.29,214.57,0,0,149.89,-0.01,73.16
2022-05-15,46.51,114.4,17.13,36.64,11.29,0.62,22.76,1.85,28.27,70.84,1.65,217.34,0.03,0,112.6,-0.06,109.60
2022-05-16,15.98,56,6.49,15.66,13.33,0.21,15.34,0.97,33.63,76.66,2.13,213.34,0,0,195.54,-0.05,56.00
2022-05-17,18.36,62.1,12.86,21.27,15.48,0.19,12.72,0.92,32.66,77.14,1.28,222.58,0,0,154.36,-0.02,62.10
2022-05-18,18.52,50.21,11.01,18.74,13.48,0.19,15.44,1.02,32.84,76.81,1.62,225.01,0,0,161.74,-0.04,50.21
2022-05-19,17.41,52.6,15.7,19.37,13.38,0.22,11.12,1.5,32.46,77.24,1.51,237.81,0,0,149.22,-0.04,52.60
2022-05-20,24.41,73.41,14.14,19.3,13.49,0.22,5.88,1.69,32.58,74.63,1.53,245.78,0,0,130.37,-0.03,73.41
2022-05-21,34.41,99.04,15.11,21.78,12.94,0.22,7.63,1.74,33.42,72.49,1.77,244.99,0,0,169.03,-0.04,99.04
2022-05-22,40.98,120.44,13.06,30.25,12.42,0.22,16.54,1.52,32.57,70.32,1.26,213.15,0,0,124.11,0.04,113.63
2022-05-23,59.08,175.76,12.76,41.72,13.24,0.28,24.38,2.16,34.07,70.22,0.65,220.64,0,0,146.06,0,150.51
2022-05-24,29.11,85.21,8.17,15.97,13.68,0.11,18.62,1.05,32.21,77.32,1.3,190.91,0.01,1,129.52,0.02,85.21
2022-05-25,28.14,70.27,11.57,27.6,13.82,0.27,14.29,2.04,29.04,78.54,1.89,248.06,0.39,35,117.29,0,70.27
2022-05-26,42.79,110.95,16.61,27.66,11.45,0.12,5.7,2.54,32.58,75.09,1.7,244.11,0,0,148.88,-0.02,107.30
2022-05-27,53.43,132.44,17.75,39.91,12.22,0.23,9.47,3.13,29.9,72.19,1.35,261.88,0,0,88.19,0,121.63
2022-05-28,68.05,186.07,20.12,38.04,12.37,0.23,10.38,2.87,33.99,72.31,1.43,246.4,0,0,161.15,-0.01,157.38
2022-05-29,64.64,196.45,2.2,61.05,11.66,0.22,8.46,2.33,34.96,71.28,1.82,255.77,0,0,153.4,-0.01,164.30
2022-05-30,46.51,114.4,0.49,36.64,10.64,0.28,15.81,1.88,33.61,71.48,1.15,260.19,0,0,111.24,0,109.60
2022-05-31,37,135.33,13.42,24.65,6.65,0.02,5.85,3.01,32.41,75.79,1.55,274.57,0,0,32.93,-0.07,123.55
2022-06-01,49.94,144.65,14.59,25.38,11.79,0.18,19.6,1.57,34.13,74.6,1.98,244.05,0,0,130.62,-0.06,129.77
2022-06-02,42.42,127.88,12.4,26.57,14.03,0.25,8.92,1.62,33.84,78.71,2.18,235.33,0,0,152.87,-0.1,118.59
2022-06-03,45.81,134.01,11.6,26.3,14.42,0.4,7.63,1.52,33.69,78.04,2.53,245.99,0,0,143.71,-0.08,122.67
2022-06-04,38.1,89.64,12.96,22.5,13.77,0.37,5.41,1.52,33.75,78.42,2.95,249.32,0,0,165.98,-0.13,89.64
2022-06-05,26.4,74.66,9.85,19.01,13.86,0.28,8.49,1.21,32.49,81.36,2.66,249.84,0,0,110.12,-0.12,74.66
2022-06-06,41.29,82.85,14.44,47.04,12.65,0.54,12.47,2.67,26.97,83.32,2.28,262.23,0.35,31.5,28.61,-0.04,82.85
2022-06-07,61.75,152.56,23.75,41.48,12.25,0.59,6.69,3.85,31.68,77.62,2.2,259.72,0,0,147.41,-0.08,135.04
2022-06-08,53.33,146.7,17.82,37.05,10.72,0.7,7.57,3.35,34.99,73.39,2.17,261.78,0,0,160.38,-0.08,131.13
2022-06-09,52.98,156.76,18.33,37.92,9.82,0.58,8.07,2.84,34.87,72.32,1.89,268.47,0,0,122.49,-0.04,137.84
2022-06-10,51.79,127.65,19.13,48.58,10.03,0.59,14.53,3.32,32.21,74.83,1.22,248.99,0,0,51.78,-0.01,118.43
2022-06-11,34.52,117.77,18.35,39.48,12.28,0.44,13.21,2.63,32.27,74.14,1.69,264.62,0,0,114.89,-0.03,111.85
2022-06-12,27.56,84.74,17.53,34.05,14.05,0.31,6.13,1.86,31.04,73.74,2.22,270.21,0,0,142.51,-0.04,84.74
2022-06-13,31.54,77.84,16.1,33.72,12.35,0.43,14.5,1.74,32.3,71.25,2.09,264.99,0,0,146.75,-0.01,77.84
2022-06-14,42.2,105.53,14.29,36.67,13.12,0.38,10.7,1.88,33.62,71.6,2.09,267.88,0,0,161.5,-0.04,103.69
2022-06-15,29.72,73.37,9.67,30.25,13.49,0.34,17.27,1.34,32.46,76.47,2.3,256.57,0,0,147.5,-0.05,73.37
2022-06-16,10.33,48.33,13.62,27.21,10.93,0.33,7.46,1,31.15,78.34,2.12,272.42,0.13,11.5,150.94,-0.06,48.33
2022-06-17,11.84,57.65,19.25,32.14,13.18,0.32,9.07,1.77,30.21,80.35,0.9,264.14,0.02,2,123.18,-0.03,57.65
2022-06-18,20.53,61.53,25.81,34.26,10.11,0.35,8.49,1.91,31.02,77.17,2.11,273.16,0,0,135.49,0,61.53
2022-06-19,23.56,59.33,20.24,28.62,10.76,0.25,5.23,1.44,31.74,75.63,2.7,282.73,0,0,170.62,0,59.33
2022-06-20,29.96,72.33,18.15,38.25,12.43,0.38,9.07,1.89,31.01,76.76,2.18,260.62,0.07,6,136,0,72.33
2022-06-21,36.23,77.08,43.06,42.68,14.04,0.69,7.96,3.4,26.13,85.17,1.41,266.64,0.14,13,37.02,0,77.08
2022-06-22,30.8,88.25,29.73,35.23,9.95,0.55,4.92,3.17,30.38,76.82,1.28,246.48,0,0,127.9,0,88.25
2022-06-23,26.12,82.87,32.02,40.52,8.33,0.44,5.98,2.78,30.62,76.84,1.75,258.57,0,0,122.46,0.01,82.87
2022-06-24,46.25,107.55,32.86,40.7,9.34,0.5,4.84,3.76,29.6,82.11,1.65,260.97,0,0,47.69,0,105.03
2022-06-25,45.49,104.7,38.21,40.32,12.18,0.67,4.13,3.58,28.23,83.63,1.57,261.78,0.01,0.5,53.62,0,103.13
2022-06-26,33.63,84.6,23.89,36.63,10.94,0.46,4.9,2.68,29.46,80.33,1.69,242.18,0.19,17.5,110.47,0,84.60
2022-06-27,29.06,88.92,26.94,35.97,10.75,0.41,5.43,2.35,30.79,77.69,1.82,249.9,0,0,139.57,0,88.92
2022-06-28,33.7,88.19,29.23,31.9,11.77,0.44,4.14,2.84,30.03,78.87,1.58,263.42,0,0,95.86,0,88.19
2022-06-29,36.47,98.81,24.76,32.38,12.29,0.49,4.23,2.51,30.89,78.62,2.18,247.87,0,0,124.9,-0.01,98.81
2022-06-30,36.77,107.4,22.45,33.32,13.01,0.6,4.38,2.41,31.31,79.04,2.16,233.67,0.01,0.5,112.93,-0.01,104.93
2022-07-01,32.93,93.26,24.31,33.68,11.68,0.51,5.96,2.16,32.28,76.08,1.89,236.62,0,0,129.58,0,93.26
2022-07-02,43.2,105.06,20.11,39.23,12.03,0.53,12.22,2.71,30.76,80.26,1.37,217.77,0,0,54.67,0,103.37
2022-07-03,46.42,113.24,24.61,41.12,9.04,0.63,9.71,3.06,31.85,77.77,1.37,234.29,0,0,95.76,0,108.83
2022-07-04,26.81,80.05,29.54,32.53,11.89,0.46,5.41,3.19,30.6,73.1,2.18,271.28,0.01,0.5,87.51,0,80.05
2022-07-05,31.84,81.49,29.38,30.77,12.93,0.37,4.38,2.79,29.91,76.75,2.14,263.09,0,0,69.05,0,81.49
2022-07-06,25.28,67.14,25.99,30.54,12.04,0.38,4.37,2.78,29.94,78.88,2.38,250.58,0.33,28,93.75,0,67.14
2022-07-07,36.94,91.06,33.66,32.98,12.38,0.52,4.41,3.6,30.06,78.58,1.73,261.08,0.01,0.5,61.42,0,91.06
2022-07-08,26.19,59.08,33.74,33.69,12.76,0.39,5.59,3.07,28.4,82.27,1.9,260.09,0.29,26,72.99,0,59.08
2022-07-09,19.85,52.22,30.97,30.64,12.5,0.29,4.41,2.52,28.06,81.53,2.46,262.57,0,0,100.02,0,52.22
2022-07-10,16.63,51.31,27.6,30.58,12.54,0.24,4.41,2.09,29.31,77.1,2.44,254.45,0,0,113.6,0,51.31
2022-07-11,19.88,43.71,32.54,30.7,12.85,0.28,4.38,2.34,25.7,84.95,2.55,267.36,0.03,2.5,30.97,0,43.71
2022-07-12,17.56,50.57,33.73,31.31,13.05,0.32,4.25,2.49,26.46,81.67,2.62,243.29,0,0,77.32,0,50.57
2022-07-13,21.55,72.89,30.21,31.29,12.24,0.25,4.36,2.4,27.56,77.2,2.77,249.78,0,0,88.08,0,72.89
2022-07-14,22.83,101.71,29.84,30.85,11.18,0.3,4.46,2.38,28.34,75.08,2.68,259.31,0,0,86.67,0,101.14
2022-07-15,31.8,103.69,36.51,39.9,12.21,0.63,5.4,3.95,30.06,73.6,1.8,260.18,0,0,82.73,0,102.46
2022-07-16,36.63,107.96,38.54,33.28,10.58,0.38,4.44,4.09,28.59,82.08,1.36,271.13,0.01,1,53.5,0,105.31
2022-07-17,31.67,94.42,27.45,30.57,11.66,0.45,4.3,2.48,27.94,83.79,1.76,251.38,0.01,1,52.33,0,94.42
2022-07-18,24.86,84.23,26.19,30.26,11.31,0.35,4.33,2.44,28.64,82.04,2.18,244.7,0.13,12,85.84,0,84.23
2022-07-19,27,104.28,21.51,31.27,12.02,0.36,4.37,2.06,31.02,77.74,2.29,246.85,0,0,161.49,0,102.85
2022-07-20,37.18,130.63,17.48,34.8,11.41,0.37,4.21,2.16,31.67,77.3,2.49,253.29,0,0,149.43,0,120.42
2022-07-21,44.79,142.79,20.14,39.52,12.36,0.58,5.8,2.65,31.42,77.63,1.91,260.77,0.01,0.5,93.95,0,128.53
2022-07-22,31.88,93.69,27.67,33.67,12.53,0.45,4.23,2.46,29.9,76.87,2.01,269.5,0,0,76.2,0,93.69
2022-07-23,29.07,104.88,28.16,32.27,10.67,0.38,4.26,2.08,30.16,75.95,2.19,263.03,0,0,126.1,0,103.25
2022-07-24,25.01,80,23.93,31.28,12.6,0.41,4.34,1.68,29.12,77.15,2.25,272.43,0.01,0.5,92.54,0,80.00
2022-07-25,26.78,86.08,21.65,33.64,13.51,0.37,5.84,1.67,30.67,76.44,1.8,256.45,0,0,180.03,0.01,86.08
2022-07-26,34.78,126.08,33.92,43.88,11.82,0.54,5.74,2.62,29.79,79.05,1.22,251.92,0.01,0.5,122.34,0,117.39
2022-07-27,27.04,116.11,32.74,29.41,10.87,0.26,7.9,2.84,30.87,76.74,1.52,244.25,0,0,187.01,0.02,110.74
2022-07-28,26.84,95.61,25.86,29.88,12.46,0.52,6.7,1.43,31.22,76.3,1.77,263.95,0,0,160.92,0.01,95.61
2022-07-29,27.12,104.07,28.43,29.07,11.03,0.44,4.05,2.17,32.1,75.07,1.99,268.28,0,0,165.11,0,102.71
2022-07-30,32.32,101.23,29.68,28.25,10.17,0.39,6.68,1.87,32.27,74.91,1.96,268.37,0,0,169.51,0,100.82
2022-07-31,20.34,64.16,25.74,23.79,9.37,0.26,4.54,1.28,31.48,79.34,2.32,274.39,0.32,23.5,135.23,0,64.16
2022-08-01,22.53,80.68,22.29,31.59,12.9,0.37,8.25,1.43,31.44,74.42,1.56,271.42,0,0,158.56,0,80.68
2022-08-02,33.14,115.28,25.56,29.82,14.34,0.22,13.4,1.57,32.15,75.93,1.27,269.09,0,0,159.05,0.01,110.19
2022-08-03,28.49,96.86,18.86,25.66,13.27,0.23,15.79,1.42,31.78,74.75,0.51,229.58,0,0,162.73,0.01,96.86
2022-08-04,16.46,75.41,21.59,24.04,12.66,0.3,15.55,1.13,30.68,75.24,0.9,206.92,0,0,108.61,0.01,75.41
2022-08-05,22.92,80.88,24.84,26.93,11.27,0.25,7.77,1.7,29.56,77.36,1.31,266.1,0,0,96.37,0.01,80.88
2022-08-06,24.57,68.07,25.52,31.87,12.76,0.4,6.26,1.38,29.27,77.52,1.22,274.18,0.2,18,85.64,0,68.07
2022-08-07,22.23,58.09,29.7,30.14,12.37,0.31,4.64,1.4,27.78,82.88,1.51,280.36,0.02,1.5,67.7,0,58.09
2022-08-08,27.25,62.64,39.99,32,10.11,0.35,4.29,1.64,25.69,86.41,1.78,265.64,0.1,9.5,31.01,0,62.64
2022-08-09,21.6,74.96,24.46,27.59,10.79,0.29,4.37,1.11,27.46,80.69,3.07,269.02,0,0,78.3,0.01,74.96
2022-08-10,28.69,117.47,24.32,30.64,11.2,0.42,4.37,1.19,29.29,74.64,2.9,292.11,0,0,78.47,0.01,111.65
2022-08-11,26.29,108.17,19.56,28.88,8.87,0.34,4.88,1.24,31.17,72.84,1.52,288.3,0,0,123.75,0.01,105.45
2022-08-12,26.31,84.74,25.7,30.8,11.1,0.38,4.55,1.75,32.44,70.68,0.3,275.22,0,0,125.28,0,84.74
2022-08-13,29.38,90.26,34.36,34.04,11.99,0.43,4.37,2.08,30.17,73.21,0.3,278.7,0,0,38.89,0,90.26
2022-08-14,22.21,70.04,29.71,30.56,10.22,0.4,4.6,1.57,26.82,81.1,0.3,269.3,0.03,3,38.59,0,70.04
2022-08-15,25.46,107.63,23.75,30.65,11.39,0.55,4.53,1.11,29.25,76.11,0.3,288.1,0,0,97.51,0.01,105.09
2022-08-16,25.16,91,22.21,30.96,10.84,0.37,4.41,1.52,31.05,75.1,0.67,276.01,0,0,136.63,-0.01,91.00
2022-08-17,40.38,116.17,21.45,32.96,7.71,0.47,4.41,1.71,31.56,77.38,1.56,273.56,0,0,115.86,-0.04,110.78
2022-08-18,41.57,112.27,19.39,33.73,6.69,0.47,8.11,2.08,32.46,74.84,1.33,262.99,0,0,95.45,0,108.18
2022-08-19,32.37,101.28,36.89,35.58,9.68,0.54,4.64,2.47,28.39,79.21,0.74,274.39,0.04,3.5,49.77,0,100.85
2022-08-20,32.19,95.08,28.26,30.08,8.72,0.39,4.53,2.04,31.37,73.06,1.53,275.68,0,0,95.23,0,95.08
2022-08-21,34.52,121.67,21.04,32.64,8.76,0.47,4.54,1.64,33.32,73.19,1.35,248.37,0,0,149.91,-0.03,114.45
2022-08-22,33.5,114.87,19.27,31.66,8.52,0.4,4.61,1.71,32.21,76.08,1.22,245.75,0,0,114.42,-0.02,109.91
2022-08-23,32.29,104.32,27.29,37.41,10.3,0.42,4.76,1.99,32.23,73.97,0.89,260.47,0.02,1.5,141.17,0.02,102.88
2022-08-24,26.29,81.91,27.44,35.06,7.33,0.43,7,2.53,28.25,79.02,0.76,240.66,0,0,92.32,0,81.91
2022-08-25,41.07,119.5,32.43,34.96,7.35,0.37,9.45,2.96,30.24,75.59,0.67,225.34,0,0,170.31,0.05,113.00
2022-08-26,35.77,107.67,14.11,34.26,7.5,0.47,9.63,1.93,31.18,74.23,0.69,223.94,0,0,140,0.02,105.11
2022-08-27,47.79,115.53,17.45,41.3,8.05,0.56,7.93,7.35,31.36,78.59,0.58,237.69,0.09,7.5,133.66,0.02,110.35
2022-08-28,39.16,160.13,33.64,40.85,6.61,0.43,13.51,25.05,30.34,77.91,0.53,227.74,0,0,108.52,0.01,140.09
2022-08-29,27.98,66.98,7.21,17.22,8.88,0.26,20.08,17.22,31.81,75.6,0.54,173.95,0,0,143.09,0.06,66.98
2022-08-30,21.89,62.31,20.13,21.64,6.77,0.27,16.41,43.2,31.6,75.71,0.64,212.57,0.01,1,158.71,0.06,62.31
2022-08-31,26.17,104.01,32.17,29.81,3.54,0.45,6.94,25.82,31.03,77.06,0.6,249.3,0,0,115.22,0,102.67
2022-09-01,13.18,44.37,16.95,17.89,6.38,0.22,14.54,44.53,31.61,74.91,0.74,232.9,0,0,173.31,0.05,44.37
2022-09-02,7.93,33.21,14.27,14.51,8.03,0.26,16.27,25.73,32.8,72.66,0.85,222.46,0,0,171.29,0.07,33.21
2022-09-03,15.33,56.9,32.2,32.33,6.07,0.48,4.8,42.79,32.16,73.33,1.01,270.34,0,0,165.85,0,56.90
2022-09-04,32.08,121,31.22,33.99,5.25,0.47,5.31,18.02,31.43,73.79,0.9,273.01,0,0,137.17,-0.01,114.00
2022-09-05,27.4,66.04,22.89,27.57,4.75,0.35,8.67,49.63,32.38,76.11,0.94,263.59,0,0,147.91,-0.01,66.04
2022-09-06,19.92,58.1,21.24,29.17,13.52,0.32,16.28,6.82,31.57,72.96,1.13,270.53,0,0,155.04,-0.02,58.10
2022-09-07,37.86,120.06,36.62,37.7,14.91,0.49,23.39,26.05,29.63,77.89,0.52,232.16,0,0,75.04,0.03,113.37
2022-09-08,11.03,28.95,16.73,23.03,17.46,0.3,15.08,0.62,27.77,82.7,0.67,191.39,0.27,24,59.16,0.02,28.95
2022-09-09,7.3,27.2,16.6,22.47,19.41,0.44,16.15,0.55,28.76,81.62,0.96,181.28,0.01,0.5,110.57,0.05,28.09
2022-09-10,18.14,43.06,36.02,29.49,17.06,0.42,15.05,1.1,27.02,84.66,0.63,277.49,0.02,2,47.54,0.02,43.06
2022-09-11,26.29,67.19,23.63,29.05,16.51,0.38,14.77,0.68,28.45,81.25,1.29,258.1,0,0,111.45,-0.01,67.19
2022-09-12,23.98,74.18,26.86,28.89,20.62,0.51,14.2,0.78,29.14,79.19,1.31,259.31,0.04,3.5,60.46,-0.03,74.18
2022-09-13,29.63,88.76,24.95,32.13,15.57,0.51,13.93,0.97,28.71,80.56,1.17,249.73,0.06,5,49.56,-0.03,88.76
2022-09-14,35.93,96.77,44.44,42.2,14.67,0.78,15.06,1.93,27.13,84.45,0.39,265.55,0.01,0.5,28.9,-0.01,96.77
2022-09-15,38,101.54,25.67,31.55,12.33,0.41,14.4,1.28,29.86,78.45,1.08,265.24,0,0,116.53,0,101.03
2022-09-16,34.79,103.79,22.07,32.06,13.36,0.52,14.65,1.04,31.73,75.7,1.39,272.85,0,0,139.95,-0.02,102.53
2022-09-17,36.41,117.18,22.01,32.62,14.75,0.49,13.99,0.92,32.66,74,1.25,269.05,0,0,150.47,-0.02,111.45
2022-09-18,31.1,76.51,21.35,35.16,11.99,0.31,14.94,1.23,30.05,74.99,0.85,269.29,0.02,2,49.46,0.01,76.51
2022-09-19,34.68,78.1,42.44,40.81,10.81,0.45,15.7,1.63,25.91,85.5,0.42,272.75,0.08,7,41.25,0,78.10
2022-09-20,34.55,81.89,28.55,36.8,14.3,0.58,14.33,1.47,27.52,81.34,0.51,277.48,0.08,7,76.79,0,81.89
2022-09-21,43.77,110.56,19.11,33.42,11.15,0.52,14.79,1.16,30.77,76.43,0.95,269.67,0,0,135.72,0,107.04
2022-09-22,49.24,109.81,34.82,45.69,16.27,0.83,17.75,1.58,28.89,82.2,0.77,275.5,0.1,9,77.5,-0.01,106.54
2022-09-23,47.73,114.57,37.08,43.3,13.05,0.56,23.25,2.48,29.53,78.37,0.52,240.87,0,0,116.1,0.02,109.71
2022-09-24,43.9,141.05,41.96,50.81,9.97,0.49,23.74,2.46,29.53,76.23,0.63,229.48,0,0,140.3,0.04,127.37
2022-09-25,42.19,138.64,34.01,44.25,13.42,0.52,26.78,1.73,30.35,74.96,0.64,245.02,0,0,140.47,0.05,125.76
2022-09-26,31.52,102.95,23.56,31.18,12.15,0.38,22.41,1.04,30.87,75,1.05,214.77,0.18,15,157.62,0.07,101.97
2022-09-27,35.74,103.76,28.92,34.22,15.34,0.43,20.47,1.06,30.78,76.17,0.65,238.06,0,0,150.48,0.06,102.51
2022-09-28,27.76,89.86,29.07,29.81,11.89,0.42,21.27,1.24,31.37,74.82,0.82,242.94,0,0,144.63,0.05,89.86
2022-09-29,31.52,117.02,28.49,30,13.6,0.47,21.93,1.09,30.69,77.17,0.65,182.23,0,0,127.07,0.06,111.35
2022-09-30,15.22,39.57,14.69,21.19,15.27,0.39,21.38,0.68,30.67,75.4,0.89,182.03,0,0,99.3,0.05,39.57
2022-10-01,27.98,69.35,33.85,40.66,21.01,0.8,20.2,1.07,28.65,78.06,0.82,267.77,0.05,4,23.4,0.04,69.35
2022-10-02,39.05,98.91,32.32,36.73,11.17,0.39,22.93,0.85,28.49,79.31,0.42,253.12,0.19,16,89.29,0.01,98.91
2022-10-03,59.64,132.81,30.04,51.96,19.42,0.99,25.54,0.88,29.36,78.35,0.42,218.04,0.01,1,69.2,0.02,121.87
2022-10-04,38.11,83.17,28.44,36.89,24.38,0.44,18.51,0.97,27.41,83.24,0.57,256.75,0.05,4.5,29.1,0.02,83.17
2022-10-05,15.7,34.23,9.06,16.05,26.67,0.28,20.98,0.39,28.96,81.6,1.07,192.12,0.1,9,114.38,0.08,34.23
2022-10-06,14.63,39.87,8.53,17.88,27.46,0.54,28.13,0.43,28.34,81.87,1.22,184,0.93,84,121.4,0.11,39.87
2022-10-07,15.13,33.91,20.08,21.1,26.83,0.64,22.71,0.8,28.57,81.03,0.66,201.8,0.06,5,99.81,0.05,33.91
2022-10-08,13.33,37.84,26.32,28.39,26.17,0.35,19.14,0.89,26.89,84.09,0.47,233.86,0.29,25.5,61.67,0,37.84
2022-10-09,11.63,25.24,15.8,24.75,27.75,0.54,18.37,0.47,26.69,84.7,0.48,203.33,0.09,8,52.84,0.01,34.69
2022-10-10,20.96,48.82,46.16,42.76,27.75,0.87,21.84,1.51,26.8,85.82,0.3,237.46,0.01,1,48.81,0.01,53.45
2022-10-11,30.26,80.02,61.61,40.61,20.49,0.65,26.34,1.35,28.23,82.24,0.42,232.56,0,0,105.9,0.02,80.02
2022-10-12,35.5,139,78.63,44.79,26.75,0.76,21.77,2.43,25.86,86.1,0.3,242.11,0,0,7,0,126.00
2022-10-13,28.63,59.39,28.18,30.56,26.77,0.32,26.79,1.49,31.06,74.24,0.6,218.31,0,0,147.98,0.04,59.39
2022-10-14,14.2,37.45,16.07,20.99,27.74,0.35,18.67,0.79,28.17,81.37,0.59,217.24,0.23,20,59.47,0.02,37.45
2022-10-15,14.25,75.38,25.47,26.05,27.31,0.33,18,0.97,26.12,85.68,0.67,225.33,0.74,65.5,42.91,0,75.38
2022-10-16,8.59,28.41,13.45,17.83,23.11,0.31,18.55,0.54,29.9,77.4,0.97,205.3,0,0,150.16,0.01,28.89
2022-10-17,31.55,60,13.64,26.2,22.67,0.32,26.58,1.42,30.44,75.38,0.65,238.02,0,0,105.42,0,60.00
2022-10-18,55.51,137.48,21.56,34.91,21.18,0.3,31.7,1.86,30.87,73.97,0.98,203.87,0,0,139.14,0,124.99
2022-10-19,54.22,98.09,6.3,17.58,21.35,0.36,33.34,0.94,30.93,73.28,1.25,199.1,0,0,134.43,0,98.09
2022-10-20,55.7,101.14,5.93,19.29,15.95,0.31,35.71,0.63,32.48,70.27,1.86,170.06,0,0,169.95,0,100.76
2022-10-21,56.38,107.98,7.36,25.39,22.11,0.61,20.89,0.75,31.01,68.61,1.86,196.41,0,0,115.39,0.01,105.32
2022-10-22,52.92,118.38,9.69,36.86,23.61,0.58,16.8,0.94,31.6,57.66,1.62,257.31,0,0,150.12,0.04,112.25
2022-10-23,39.52,96.01,6.75,33.04,21.62,0.53,16.4,0.53,31.14,56.16,2.5,285.99,0,0,126.28,0.04,96.01
2022-10-24,107.93,183.29,13.66,41.76,18.58,0.41,19.23,0.87,29.99,63.53,0.61,243.52,0,0,130.44,0.01,259.77
2022-10-25,89.54,180.21,16.47,39.17,20.58,0.58,32.65,0.87,30.26,67.32,0.54,209.66,0,0,131.24,0,198.47
2022-10-26,69.99,196.06,18.61,43.75,14.44,0.27,33.32,2.08,29.67,70.02,0.7,199.47,0,0,140.2,0.02,164.04
2022-10-27,49.49,105.51,9.53,27.96,20.91,0.34,30.6,1.05,29.16,69.52,0.88,213.86,0,0,140.38,0.01,103.67
2022-10-28,58.4,130.05,11.93,35.13,19.2,0.44,29.4,1.13,28.93,67.31,0.86,208.81,0,0,128.88,0.07,120.03
2022-10-29,64.07,123.18,6.35,31.4,21.51,0.51,22.8,0.48,30.1,55.72,0.95,227.51,0,0,182.78,0.06,115.45
2022-10-30,64.72,129.94,7.13,30.25,22.6,0.5,27.09,0.49,28.03,61.27,0.75,222.79,0,0,112.42,0.02,119.96
2022-10-31,58.38,123.22,6.56,30.66,21.77,0.4,21.48,0.55,28.03,64.83,0.73,212.32,0,0,95.56,0,115.48
2022-11-01,47.34,96.55,6.34,26.51,21.51,0.48,27.68,0.57,29.05,70.9,0.79,201.19,0,0,110.54,0.02,96.55
2022-11-02,51.02,100.92,6.63,24.3,22.05,0.32,33.65,0.51,29.78,69.91,0.72,194.23,0,0,120.98,0,100.61
2022-11-03,48.14,84.89,6.1,21.7,24.96,0.7,28.55,0.65,28.92,76.41,0.6,200.23,0.01,0.5,75.05,0.05,84.89
2022-11-04,66.61,116.18,5.82,20.63,25.25,0.42,35.47,0.64,28.75,76.58,0.79,180.3,0,0,108.72,0.07,122.03
2022-11-05,60.71,131.86,6.32,26.95,27.25,0.55,37.29,1.41,29.05,66.82,0.68,206.16,0,0,125.91,0.08,121.24
2022-11-06,84.4,213.63,20.82,52.59,28.55,0.39,39.22,2.89,27.85,67.33,0.64,225.02,0,0,127.3,0.08,181.33
2022-11-07,92.21,200.74,15.11,44.27,28.44,0.44,36.9,1.75,27.02,72.22,0.53,217.99,0,0,121.38,0.07,207.37
2022-11-08,77.55,189.88,15.09,42.71,28.77,0.5,28.61,2.25,27.25,71.71,0.64,220.25,0,0,121.45,0.06,159.92
2022-11-09,55.78,119.68,7.74,27.63,28.78,0.14,24.1,0.76,27.28,68.91,0.69,227.27,0,0,88.26,0.07,113.12
2022-11-10,64.48,131.69,5.84,27.04,27.71,0.46,27.3,0.46,28.35,65.34,0.76,208.6,0,0,110,0.09,121.13
2022-11-11,50.59,109.51,5.86,25.21,26.9,0.3,30.71,0.31,28.73,63.17,1.03,191.85,0,0,111.02,0.1,106.34
2022-11-12,60.38,125.83,5.78,23.59,21.51,1.03,37.93,0.33,28.35,65.04,0.9,184.89,0,0,86.4,0.09,117.22
2022-11-13,72.53,134.05,6.39,28.01,19.94,0.41,32.89,0.3,28.02,63.7,0.74,217.33,0,0,114.47,0.07,141.77
2022-11-14,75.77,141.6,8.57,37.19,18.22,0.46,31.99,0.67,27.08,62.62,0.6,224.14,0,0,121.61,0.07,152.57
2022-11-15,101.06,247.29,36.01,73.77,19.97,0.62,31.24,2.41,25.7,65.63,0.49,225.83,0,0,126.22,0.05,236.87
2022-11-16,94.64,232.24,30.18,59.7,19.24,0.61,28.2,2,25.45,64.14,0.7,237.75,0,0,130.58,0.04,215.47
2022-11-17,84.16,197.34,17.58,56.49,13.77,0.54,29.94,1.96,26.09,63.95,0.64,225.03,0,0,125.4,0.08,180.53
2022-11-18,55.41,139.07,7.33,35.57,20.97,0.66,21.9,0.59,27.05,59.18,0.8,238.31,0,0,110,0.05,126.05
2022-11-19,54.23,131.91,5.81,35.23,22.73,0.52,28.67,1.19,26.31,58.14,0.83,215.33,0,0,128.68,0.07,121.27
2022-11-20,50.09,111.22,7.32,35.13,19.73,0.43,18.88,0.42,25.36,57.35,0.64,218.09,0,0,59.5,0.03,107.48
2022-11-21,50.16,102.67,8.32,38.42,23.5,0.63,17.02,0.5,26.38,60.98,0.94,210.19,0,0,48.66,0.02,101.78
2022-11-22,61.68,114.26,7.17,33.45,25.16,0.54,18.74,0.56,26.91,74.56,0.7,182.56,0,0,66.01,0.06,109.51
2022-11-23,44.09,84.01,6.33,23.13,24.81,0.41,28.95,0.51,27.72,78.16,0.62,185.13,0,0,117.26,0.07,84.01
2022-11-24,30.91,70.48,8.83,21.1,26.15,0.27,29.89,0.48,27.51,79.76,0.35,175.85,0,0,68.88,0.05,70.48
2022-11-25,86.54,164.99,23.94,59.24,26.25,1.21,17.98,1.37,24.48,82.28,0.33,225.76,0.27,24,20.99,0.01,188.47
2022-11-26,100.95,209.91,34.23,75.55,18.57,0.78,37.37,2.25,25.22,73.11,0.47,218.17,0,0,100.02,0.06,236.50
2022-11-27,99.6,245.54,48.42,86.48,20.49,1.55,28.33,2.2,24.18,69.6,0.46,247.41,0,0,113.34,0.06,232.00
2022-11-28,96.75,239.49,55.68,70.76,20.9,1.02,32.7,2.44,23.7,66.28,0.48,249.31,0,0,118.78,0.06,222.50
2022-11-29,103.54,232.63,35.48,56.11,23.84,0.95,25.48,2.69,24.6,67.15,0.43,229.6,0,0,115.3,0.04,245.13
2022-11-30,105.56,244.1,23.94,56.78,22.76,1.02,21.63,1.64,26.3,70.8,0.63,227.77,0,0,106.15,0.05,251.87
2022-12-01,65.03,120.92,6.74,33.16,25.9,0.68,27.13,0.67,27.45,72.7,0.68,211.41,0,0,116.52,0.07,116.77
2022-12-02,64.41,121.69,6.21,31.52,29.5,0.41,25.05,0.68,26.96,78.98,0.49,209.22,0,0,73.86,0.05,114.70
2022-12-03,86.15,146.35,5.08,28.01,28.68,0.73,28.52,0.68,27.05,79.31,0.5,199.3,0,0,96.49,0.05,187.17
2022-12-04,107.31,176.94,4.35,23.31,28.22,0.57,44.42,0.5,26.88,76.32,0.55,189.79,0,0,97.39,0.08,257.70
2022-12-05,129.17,207.48,5.5,31.06,27.19,0.99,29.99,0.47,26.06,73.82,0.59,213.59,0,0,100.86,0.06,307.05
2022-12-06,131.45,224.1,7.61,39.87,26.61,0.93,21.16,0.75,24.09,71,0.44,246.05,0,0,88.67,0.05,308.81
2022-12-07,92,168.73,4.97,35.73,27.26,0.66,18.56,0.61,24.32,62.83,0.59,219.62,0,0,91.18,0.06,206.67
2022-12-08,83.44,161.87,3.93,33.33,28.36,0.78,25.3,0.29,24.3,59.21,0.92,207.1,0,0,99.61,0.1,178.13
2022-12-09,81.69,152.47,4.17,37.92,24.47,0.79,19.38,0.48,21.45,63.52,0.89,207.92,0.1,9,32.3,0.03,172.30
2022-12-10,72.59,111.26,4.84,33.01,25.7,0.89,18.79,0.42,22.2,80.05,0.98,179.23,0.05,4,50.38,0.06,141.97
2022-12-11,77.29,100.65,5.43,31.68,27.53,0.6,18.14,0.32,23.37,81.57,1.02,173.47,0.03,3,45.5,0.02,157.63
2022-12-12,57.69,125.84,11.98,27.81,24.97,1.39,19.58,1.02,26.71,81.86,0.42,181.92,0,0,95.96,0.03,117.23
2022-12-13,48.02,96.06,19.27,35.89,21.66,0.52,32.78,1.47,28.2,74.53,0.57,173.27,0,0,168.32,0.08,96.06
2022-12-14,78.42,164.62,41.51,47.91,32.66,0.99,23,1.49,27.59,73.47,0.45,244.67,0,0,152.47,0.05,161.40
2022-12-15,73.21,218.31,57.12,57.19,22.89,0.75,20.04,2.06,25.83,69.95,0.4,257.1,0,0,109.21,0.04,178.87
2022-12-16,77.96,237.78,40.23,41.81,26,0.76,29.43,1.68,25.81,80,0.49,223.89,0,0,102.29,0.06,191.85
2022-12-17,76.95,142.31,5.13,21.96,25.4,0.54,35,0.44,25.84,78.2,0.58,180.25,0,0,88.43,0.06,156.50
2022-12-18,78.62,159.64,7.34,29.74,27.05,0.69,33.1,0.35,24.1,72.38,0.67,203.86,0,0,109.38,0.07,162.07
2022-12-19,85.21,211.38,12.84,41.38,25.7,0.76,27.79,1.18,23.08,68.54,0.64,235.26,0,0,111.19,0.07,184.03
2022-12-20,99.69,206.92,19.99,37.18,25.53,0.84,28.8,1.11,23.24,73.41,0.6,233.8,0,0,113.06,0.07,232.30
2022-12-21,117,228.63,25.49,38.28,25.41,0.91,19.63,1.15,22.81,78.64,0.47,239.92,0,0,86.33,0.04,290.00
2022-12-22,109.65,195.25,6.14,34.28,28.91,0.83,26.82,0.47,24.07,70.39,0.71,220.72,0,0,88.64,0.06,265.50
2022-12-23,118.12,207.93,6.58,33.55,31.14,0.81,24.51,0.6,24.05,64.06,1.12,221.48,0,0,91.04,0.07,293.73
2022-12-24,84.56,152.57,6.08,33.62,24.39,0.64,16.11,0.44,24.98,66.51,0.63,198.58,0,0,114.35,0.02,181.87
2022-12-25,38.15,79.87,17.89,39.51,11.39,0.48,14.41,0.69,25.57,72.21,0.49,219.27,0,0,114.12,0.03,79.87
2022-12-26,40.58,113.14,15.75,29.95,9.26,0.47,16.31,0.69,25.87,77.74,0.51,209.49,0,0,107.51,0.07,108.76
2022-12-27,42.42,146.45,45.23,36.44,9.29,0.57,15.24,1.51,26.58,80.62,0.44,261.08,0,0,111.31,0.03,130.97
2022-12-28,31.38,94.16,26.49,32.69,9.25,0.6,14.15,0.8,26.91,79.03,0.5,276.3,0,0,111.85,0,94.16
2022-12-29,34.43,79.6,15.71,28.19,9.19,0.4,15.93,0.54,26.35,82.17,0.44,235.81,0,0,101.14,0.04,79.60
2022-12-30,102.31,156.65,6.01,24.09,9.18,0.57,16.53,0.41,25.99,80.19,0.53,189.72,0,0,101.29,0.08,241.03
2022-12-31,60.49,149.12,27.96,36.36,9.24,0.56,14.74,0.88,25.65,80.61,0.4,248.22,0,0,91.96,0.04,132.75
2023-01-01,65.57,123.32,18.3,29.36,9.25,0.45,15.11,0.76,26.35,78.85,0.48,234.7,0,0,93.84,0.08,118.57
2023-01-02,46.64,84.46,8.72,29.44,9.29,0.38,14.67,0.45,25.44,76.03,0.36,199.15,0,0,50.63,0.05,84.46
2023-01-03,53.74,120.65,21.6,35.08,9.36,0.45,15.76,1.03,24.92,76.08,0.45,195.15,0,0,103.02,0.07,113.77
2023-01-04,81.34,131.22,5.76,28.54,9.33,0.65,17.01,0.35,24.52,77.65,0.81,175.81,0.04,0.03,73.09,0.08,171.13
2023-01-05,114.65,187.85,4.71,25.25,9.39,1.18,19.57,0.26,24.28,73.85,1.36,164.39,0,0,85.22,0.12,282.17
2023-01-06,132.88,220.54,6.13,30.72,9.02,1.76,20.58,0.28,23.18,70.5,0.6,203.78,0,0,107.62,0.05,309.91
2023-01-07,98.99,217.84,23.84,39.81,7.3,1.19,24.92,1.14,23.46,62.83,0.67,203.27,0,0,142.59,0.1,229.97
2023-01-08,76.93,223.02,48.62,43.99,2.78,1.36,18.21,2.16,21.18,60.7,0.51,240.32,0,0,124.8,0.03,182.01
2023-01-09,75.34,207.26,44.16,44.71,9.66,1.22,20.26,1.89,21.09,63.82,0.46,215.03,0,0,122.11,0.04,171.51
2023-01-10,86.86,234.09,58.3,50.14,4.28,1.43,19.82,2.2,21.76,67.21,0.51,207.49,0,0,120.15,0.04,189.53
2023-01-11,103.24,265.24,60.84,53.36,4.33,1,16.03,2.54,21.98,73.86,0.4,232.95,0,0,121.49,0.01,244.13
2023-01-12,105.98,230.25,51.88,50.12,4.29,0.7,14.17,2.63,22.29,79.57,0.52,265.41,0,0,110.36,-0.05,253.27
2023-01-13,83.55,180.24,41.79,49,8.48,1.14,14.97,1.62,23.26,80.4,0.59,260.31,0,0,105.12,-0.05,178.50
2023-01-14,106.23,182.37,25.02,39.36,1.68,0.97,13.74,0.94,23.03,80.66,0.62,264.77,0,0,105.63,-0.06,254.10
2023-01-15,59.36,122.6,21.39,36.38,1.75,1.11,13.83,0.72,23.4,80.79,0.51,277.65,0,0,106.03,-0.02,115.07
2023-01-16,55.78,111.98,19.61,35.38,3.17,0.61,13.61,0.52,23.67,76.53,0.88,269.98,0,0,110.23,-0.04,107.99
2023-01-17,68.29,131.89,22.04,37.41,1.97,1.03,12.96,0.66,23.96,77.98,0.57,283.93,0,0,105.36,-0.02,127.63
2023-01-18,71.54,134.08,20.69,36.77,2.28,0.94,13.8,0.66,24.19,75.25,0.58,265.47,0,0,112.28,-0.01,138.47
2023-01-19,76.76,157.93,28.91,38.68,2.53,0.69,13.79,0.96,24.33,73.14,0.52,260.56,0,0,105.28,0,155.87
2023-01-20,86.35,203.6,54.31,38.95,3.26,0.55,14.95,1.93,24.77,74.51,0.43,190.57,0,0,99.44,0.05,187.83
2023-01-21,93.39,158.43,10.95,31.42,3.96,0.51,17.02,0.52,24.87,77.49,0.45,223.97,0,0,101.55,0.06,211.30
2023-01-22,109.65,189.48,12.3,33.76,4.65,0.64,18.51,0.55,24.67,74.8,0.55,206.16,0,0,103.29,0.05,265.50
2023-01-23,79.69,155.42,15.22,36.56,2.79,0.51,16.54,0.97,24.13,70.04,0.47,223.8,0,0,120.28,0.03,165.63
2023-01-24,103.53,257.77,62.87,51.05,19.77,0.86,14.81,2.59,23.77,66.96,0.36,228.26,0,0,123.12,0.02,245.10
2023-01-25,138.03,310.07,73.94,58.4,3.48,1.36,14.15,3.7,24.16,60.4,0.36,227.4,0,0,118.98,0.03,313.87
2023-01-26,121.58,288.26,50.2,48.46,3.68,0.94,17.41,3.76,23.87,63.65,0.44,206.53,0,0,122.12,0.06,301.22
2023-01-27,90.14,285.33,66.55,56.39,3.03,1.56,15.44,2.7,24.78,61.95,0.35,216.24,0,0,120.53,0.03,235.33
2023-01-28,149.51,321.5,53.68,47.07,4.14,1.08,17.85,3.19,25.06,66.08,0.44,176.4,0,0,110.95,0.05,322.70
2023-01-29,87.47,155.33,7.16,32.24,7.99,0.8,19.34,0.36,25.68,75.39,0.6,223.66,0,0,105.84,0.05,191.57
2023-01-30,75.89,144.92,6.36,30.54,8.29,0.52,20.83,1.05,25.31,76.53,0.58,210.84,0,0,105.34,0.04,152.97
2023-01-31,80.64,157.82,8.72,31.75,7.3,0.87,18.49,0.42,25.61,71.37,0.95,222.32,0.01,0.01,82.53,0.04,168.80
2023-02-01,74.62,142.01,7.86,31.69,3.79,0.72,14.1,0.69,26.15,67.29,2.29,233.69,0,0,87.01,0.02,148.73
2023-02-02,75.43,214.26,18.16,35.39,9.55,0.68,14.31,0.9,25.48,68.32,2.12,214.17,0,0,99.54,0.03,176.17
2023-02-03,80.08,146.12,7.53,31.9,5.24,0.69,14.3,0.96,24.52,70.03,2.16,226.38,0,0,117.55,0.05,166.93
2023-02-04,91.69,246.59,41.28,46.35,8.91,1.21,14.02,1.78,23.99,67.22,1.32,207.76,0,0,128.77,0.04,205.63
2023-02-05,129.57,368.74,116.83,64.27,8.27,1.53,13.92,4.54,19.87,71,0.8,255.41,0,0,58.94,-0.03,323.43
2023-02-06,46.51,114.4,17.13,36.64,11.29,0.62,22.76,1.85,28.27,70.84,1.65,217.34,0.03,0,112.6,-0.06,109.60
2023-02-07,51.1,149.9,27.02,30.62,7.43,1.12,14.79,0.9,23.78,77.28,1.56,278.68,0,0,7,-0.01,133.27
2023-02-08,58.04,147.25,29.21,31.19,5.85,1.12,14.01,0.82,24.76,79.7,1.94,257.18,0,0,111.91,0.01,131.50
2023-02-09,58.8,159.74,31.99,33.52,5.34,1.17,14.06,1.04,25.41,77.44,1.89,255.94,0,0,108.27,0.01,139.83
2023-02-10,49.81,136.01,32.8,33.58,9.59,1.13,14.06,0.86,25.67,73.93,1.9,244.82,0,0,116.21,0.02,124.01
2023-02-11,57.74,153.66,35.78,35.28,8.36,1.46,14.05,1.23,25.95,79.25,2.03,253.59,0,0,123.85,0.01,135.77
2023-02-12,78.64,163.3,22.24,32.43,7.18,1.39,14.09,0.53,26.37,81.66,2.26,239.95,0,0,113.7,0,162.13
2023-02-13,62.58,188.28,28.6,32.3,7.06,1.18,14.05,0.72,26.49,68.26,1.78,197.25,0,0,116.03,0.09,158.85
2023-02-14,86.81,300.19,44.1,43.45,8.15,1.22,14.2,1.87,25.3,70.27,1.61,253.49,0,0,120.04,0.03,250.19
2023-02-15,95.46,278.01,36.61,39.75,6.33,1.71,14.16,1.52,25.47,74.69,1.81,254.68,0,0,119.73,0.04,228.01
2023-02-16,64.64,163.36,22.25,32.32,7.23,0.75,14.15,0.79,25.53,76.88,2.33,265.3,0,0,119.41,0,142.24
2023-02-17,62.34,163.96,25.14,32.86,6.42,1.06,14.05,0.68,25.9,74.88,2.19,278.28,0,0,108.03,0,142.64
2023-02-18,40.04,114.65,17.61,27.12,3.61,0.72,14.11,0.43,26.11,73.48,2.3,255.84,0,0,93.3,0,109.77
2023-02-19,37.4,118.18,28.8,29.98,5.91,1.12,14.26,0.68,26.18,74.59,1.85,258.36,0,0,96.52,0.01,112.12
2023-02-20,34.48,106.42,31.48,30.92,5,0.83,14.17,0.6,26.55,77.27,2.06,259.16,0,0,107.97,0.02,104.28
2023-02-21,41.38,105.41,27.17,31.22,5.5,0.81,14.26,0.54,26.73,79.05,2.3,240.31,0,0,117.92,0.02,103.61
2023-02-22,56.16,136.9,27.83,34.14,5.82,1.56,14.15,0.98,27.03,76.84,2.3,250.16,0,0,116.93,0.01,124.60
2023-02-23,71.62,159.9,26.25,34.93,4.8,0.88,14,0.67,26.93,75.53,2.42,278.63,0,0,120.27,-0.01,139.93
2023-02-24,60.5,136.09,21.54,31.97,5.18,0.81,13.94,0.48,26.51,76.74,2.51,275.06,0,0,114.5,0,124.06
2023-02-25,54.93,125.71,25.41,31.67,6.12,0.46,14.12,0.52,26.96,78.78,1.89,276.72,0,0,120.05,0.04,117.14
2023-02-26,59.53,164.22,45.14,36.4,7.03,0.87,14.18,1.11,26.69,79.44,1.54,264.55,0,0,121.57,0.05,142.81
2023-02-27,58.31,139.72,37.02,35.53,6.86,0.67,14.05,0.8,26.2,76.11,1.63,241.12,0,0,127.32,0.06,126.48
2023-02-28,63.58,185.08,54.1,44.53,7.44,0.84,14.05,1.19,27,67.04,1.5,256.72,0,0,125.77,0.04,156.72
2023-03-01,88.83,291.96,73.71,51.3,6.79,0.95,14.46,2.75,26.79,63.64,1.5,242.69,0,0,125.86,0.06,241.96
2023-03-02,96.47,300.84,44.69,50.3,5.8,1.24,14.01,2.05,27.42,58.76,1.53,243.82,0,0,129.53,0.04,250.84
2023-03-03,91.23,274.48,57.25,52.9,18.21,1.67,14.12,2.14,28.02,61.11,1.32,228.39,0,0,119.89,0.06,224.48
2023-03-04,89.67,247.83,51.74,50.47,8.52,1.43,14.08,1.83,28.95,57.27,1.36,233.38,0,0,133.03,0.05,198.90
2023-03-05,79.27,271.29,52.57,49.29,5.8,1.27,14.28,1.69,28.59,52.6,1.66,235.25,0,0,130.33,0.04,221.29
2023-03-06,82.53,264.7,37.19,50.78,8.61,1.52,14.44,1.68,28.77,59.8,1.66,225.6,0,0,116.28,0.04,214.70
2023-03-07,69.02,212.41,30.5,43.7,5.33,1.78,14.43,1.4,27.26,70.41,1.52,226.51,0,0,100.62,0.04,174.94
2023-03-08,67.03,210.35,44.09,42.26,8.94,1.62,14.54,1.38,28.08,69.55,1.34,205.52,0,0,109.39,0.06,173.57
2023-03-09,66.55,189.62,37.86,43.1,12.88,0.89,15.29,1.95,27.82,67.47,1.38,184.98,0,0,105.68,0.07,159.75
2023-03-10,53.54,155.38,21.89,34.84,12.7,1.39,14.11,0.7,29.23,64.37,1.8,199.4,0,0,105.79,0.05,136.92
2023-03-11,61.78,157.03,17.25,34.76,13.57,0.75,13.84,0.51,28.16,62.24,1.9,225.24,0,0,151.74,0.06,138.02
2023-03-12,62.61,150.09,23.48,38.15,16.56,1.18,14.14,0.91,30.34,59.2,1.73,203.43,0,0,195.61,0.11,133.39
2023-03-13,86.32,239.98,51.87,58.33,14.83,1.12,14.39,1.99,28.5,59.76,1.34,238.42,0,0,134.23,0.05,193.32
2023-03-14,102.53,270.81,38.16,58.88,16.7,1.44,14.63,1.81,28.7,61.27,1.46,245.68,0,0,131.16,0.05,241.77
2023-03-15,74.07,195.56,31.48,43.68,12.93,1.03,14.54,1.3,27.59,75.15,2.11,271.9,0,0,116.82,0.01,163.71
2023-03-16,47.9,113.25,25.82,34.89,14.05,0.97,15.14,0.7,27.82,75.28,2.61,265.84,0,0,121.48,0,108.83
2023-03-17,43.89,122.17,35.52,40.73,16.15,1.14,14.74,1.09,25.86,66.92,1.37,257.45,0,0,46.78,0.01,114.78
2023-03-18,48.38,138.95,53.57,41.66,14.45,1.11,14.75,1.9,25.89,74.43,1.7,255.86,0.01,0.01,92.42,0.04,125.97
2023-03-19,13.7,60.36,20.66,35.81,14.9,0.68,14.6,0.53,23.2,76.02,2.04,253.35,0.18,0.18,99.1,0.01,60.36
2023-03-20,19.61,68.22,30.4,37.72,13.77,0.62,14.59,0.93,25.01,77.29,2.23,271.85,0.19,0.16,151.61,0.03,68.22
2023-03-21,21.31,68.38,31.83,34.38,15.38,0.84,14.75,0.78,26.4,80.25,2.21,257.34,0.12,0.09,124.98,0.01,68.38
2023-03-22,24.78,68.76,34.31,34.28,14.12,0.64,43.37,0.68,27.05,79.6,2.17,292.58,0,0,123.48,0,68.76
2023-03-23,29.57,120.9,49.04,38.24,14.77,0.77,34.16,1.13,26.81,76.91,1.93,275.78,0,0,111.12,0.02,113.93
2023-03-24,19.39,68.13,33.58,31.06,13.51,0.55,23.54,0.81,29.27,76.2,2.49,276.81,0,0,142.5,0.01,68.13
2023-03-25,25.27,74.75,30.94,29.79,15.24,0.55,22.61,0.66,28.68,77.56,2.37,271.5,0,0,133.22,0.02,74.75
2023-03-26,24.78,89.25,38.38,33.06,16.45,0.57,37.21,0.61,29.15,76.78,2.27,295.48,0,0,141.05,0.02,89.25
2023-03-27,28.02,79.81,30.05,31.46,12.11,0.45,28.53,0.51,29.33,77.91,2.4,276.56,0,0,126.54,0.02,79.81
2023-03-28,29.05,91.13,30.91,29.77,13.55,0.33,18.72,0.71,29.93,78.06,2.37,282.09,0,0,134.63,0.02,91.13
2023-03-29,26.59,76.58,27.34,29.75,14.51,0.6,18.6,0.43,29.65,77.06,2.86,305.52,0,0,137.17,0.03,76.58
2023-03-30,29.7,86.79,30.18,31.35,15.03,1.94,18.64,0.45,29.5,76.24,2.89,308.16,0,0,147.12,0.01,97.00
2023-03-31,21.2,77.49,26.93,31.28,11.61,0.38,19.34,0.34,29.57,74.97,3.21,304.93,0,0,194.69,0.04,77.49
2023-04-01,20.29,66.9,26.02,30.21,14.41,0.54,18.83,0.45,29.76,74.53,2.7,311.49,0,0,105.13,0.02,66.90
2023-04-02,19.78,70.51,38.27,33.94,14.53,0.5,18.59,0.53,27.35,79.13,1.93,271.42,0,0,66.72,0,70.51
2023-04-03,21.94,70.27,26.94,32.52,14.31,0.52,19.12,0.47,30.42,74.69,2.94,286.37,0,0,164.65,0.03,70.27
2023-04-04,24.53,74.96,28.46,32.69,12.83,0.7,19.18,0.46,30.27,77.6,3.01,303.23,0,0,153.32,0.04,74.96
2023-04-05,21.58,72.34,28.33,31.49,14.54,0.77,18.91,0.51,30.79,75.74,2.67,297.18,0,0,151.98,0.02,72.34
2023-04-06,21.55,69.9,28.97,31.49,13.38,0.53,19.35,0.44,30.26,77.28,2.85,280.72,0,0,149.25,0.03,69.90
2023-04-07,30.19,101.29,23.29,31.92,12.98,0.54,20.25,0.61,30.15,71.31,2.12,260.77,0,0,155.19,0.05,100.86
2023-04-08,38.65,114.88,29.54,34.19,16.3,0.8,20.29,0.63,30.17,77.16,2.12,271.62,0,0,151.92,0.04,109.92
2023-04-09,54.25,113.54,21.97,34.38,12.78,0.37,19.63,0.6,31.52,68.72,2.09,239.81,0,0,175.61,0.05,109.03
2023-04-10,62.06,144.65,23.62,37.37,12.99,0.54,20.07,0.66,32.82,64.57,2.2,244.49,0,0,155.85,0.02,129.77
2023-04-11,53.28,206.69,22.94,39.57,14.98,0.75,20.63,1.18,33.92,63.7,1.93,221.95,0,0,160.9,0.04,171.13
2023-04-12,55.55,171.47,21.65,37.22,11.42,1.2,19.9,1.05,34.17,66.54,1.99,242.27,0,0,154.7,0.05,147.65
2023-04-13,53.67,160.62,21.05,36.26,12.48,0.84,18.58,0.72,34.18,65.41,2.14,240.73,0,0,151.97,0.04,140.41
2023-04-14,53.72,156.09,23.2,38.84,15.14,1.19,18.89,0.85,34.59,63.3,2.41,262.4,0,0,150.24,0.01,137.39
2023-04-15,70.39,188.2,19.83,40.63,14.84,0.92,19.6,0.97,35.56,62.59,2.18,248.8,0,0,137.85,0.03,158.80
2023-04-16,77.72,175.5,14.51,34.9,12.81,0.73,19.35,0.64,34.03,71.79,2.57,244.67,0,0,125.43,0.03,159.07
2023-04-17,68.6,182.43,21.42,37.83,11.64,0.72,18.55,0.88,34.82,66.02,2.19,252.95,0,0,143.16,0.03,154.95
2023-04-18,64.84,227.14,15.25,39.18,16.07,0.71,18.03,0.99,40.57,53.32,2.53,254.02,0,0,260.48,0.06,184.76
2023-04-19,59.8,192.45,23.5,37.04,11.41,0.79,18.55,0.94,34.16,67.07,2.56,261.47,0,0,134.95,0.02,161.63
2023-04-20,58.93,173.73,22.47,34.96,12.66,0.62,19.92,0.8,33.62,69.13,2.56,267.95,0,0,139.64,0.02,149.15
2023-04-21,62.83,136.65,19.9,31.19,11.17,0.49,22.24,0.63,30.89,75.91,2.15,223.59,0,0,121.37,0.05,124.43
2023-04-22,55.94,139.14,24.33,35.73,14.57,0.79,19.46,0.81,30.77,73.96,2.35,277.07,0,0,139.94,0.03,126.09
2023-04-23,24.91,69.79,11.27,25.27,12.87,0.45,25.41,0.34,29.54,69.4,2.24,202.53,0,0,116.62,0.06,69.79
2023-04-24,32.25,77.76,13.26,24.4,11.8,0.37,22.73,0.29,31.5,74.84,1.92,200.58,0,0,161.18,0.09,77.76
2023-04-25,21.83,60.48,18.63,24.74,14.21,0.42,18.5,0.39,31.76,74.01,2.16,220.34,0,0,117.42,0.04,60.48
2023-04-26,34.37,99.04,22.32,27.28,15.33,0.22,21.47,0.42,31.22,73.95,1.91,235.65,0,0,138.09,0.07,99.04
2023-04-27,43.97,116.21,26.07,34.72,13.44,1.95,18.13,0.7,31.5,70.19,2.11,269.86,0,0,144.45,0.03,110.81
2023-04-28,43.84,103.38,27.69,34.21,14.42,0.5,18.56,0.62,32.04,72.04,2.35,268.62,0,0,172.21,0.03,102.25
2023-04-29,42.64,125.44,38,37.43,14.87,0.49,19.39,1.23,31.3,71.49,1.92,271.89,0,0,133.49,0.04,116.96
2023-04-30,41.44,137.46,46.74,40.77,13.65,0.47,19.64,1.27,32.08,68.98,1.89,274.15,0,0,139.89,0.04,124.97
2023-05-01,26.5,81.2,29.06,36.89,13.55,0.52,20.7,0.61,26.06,80.72,1.66,264.98,0.2,0.2,32.37,0.03,81.20
2023-05-02,28.96,122.2,39.89,34.79,14.08,0.41,19.92,0.8,28.52,76.73,1.67,234.77,0,0,171.8,0.06,114.80
2023-05-03,22.05,78.05,30.87,33.99,14.28,0.46,18.8,0.79,27.86,79.86,1.33,244.57,0.05,0.05,82.37,0.02,78.05
2023-05-04,13.14,44.76,33.33,30.36,13.96,0.36,22.22,0.6,29.73,77.97,1.62,232.04,0,0,157.35,0.06,44.76
2023-05-05,23.11,89.22,33.89,36.24,15.19,0.27,19.05,0.86,30.77,73.91,1.96,275.75,0,0,132.45,0.03,89.22
2023-05-06,22.9,100.13,31.43,36.69,13.56,0.37,19.93,0.71,31.75,72.39,2.35,285.76,0,0,159.87,0.04,100.09
2023-05-07,28.67,87.02,21.21,38.31,13.05,0.55,19.75,0.78,33.76,72.27,1.97,277.5,0,0,147.99,0.02,87.02
2023-05-08,36.18,88.78,21.63,35.96,13.87,0.52,20.11,0.52,32.78,76.22,2.46,268.24,0,0,150.27,0.03,88.78
2023-05-09,43.86,88.35,19.21,34.51,12.7,0.43,19.74,0.57,32.68,77.03,2.31,254.95,0,0,143.81,0.03,88.35
2023-05-10,36,71.17,18.92,32.22,11.59,0.24,20.22,0.36,32.65,78.49,2.07,249.96,0,0,146.83,0.03,71.17
2023-05-11,27.58,78,18.78,29.62,11.94,0.33,22.98,0.45,32.92,74.59,1.74,204.51,0,0,148.51,0.07,78.00
2023-05-12,19.11,55.84,14.59,28.78,13.25,0.27,21.56,0.33,33.55,71.02,1.98,236.9,0,0,130.43,0.05,55.84
2023-05-13,32.84,118.77,22.66,36,13.66,0.53,19.8,0.84,33.21,72.95,1.74,235.74,0,0,127.24,0.03,112.51
2023-05-14,72.3,165.24,13.16,34.99,18.56,0.62,21.88,0.43,34.12,77.31,1.83,225.77,0,0,162.11,0.04,143.49
2023-05-15,62.08,185.55,12.46,39.26,16.03,0.59,22.85,0.63,34.55,77.6,2.2,255.68,0,0,157.3,0.04,157.03
2023-05-16,47.41,151.04,10.83,27.53,10.62,0.6,23.36,0.36,34.93,78.43,2.06,192.49,0,0,154.14,0.07,134.03
2023-05-17,34.69,100.2,11.94,29.36,14.83,0.35,19.25,0.23,33.92,79.61,3.25,235.42,0,0,140.26,0.07,100.13
2023-05-18,35.42,119.36,15.89,36.41,11.71,0.38,19.82,0.36,34.15,75.25,2.79,300.48,0,0,148.36,0.03,112.91
2023-05-19,37.36,112.22,15.18,36.14,11.67,0.41,20.66,0.42,32.88,74.94,2.98,300.31,0.1,0.1,147.64,0.04,108.15
2023-05-20,44.66,119.18,20.4,38.47,12.29,0.49,21.06,0.4,33.38,73.98,2.52,293.96,0,0,179.74,0.03,112.79
2023-05-21,30.5,89.06,12.15,35.01,15.54,0.42,21.31,0.21,33.38,72.56,3.12,293.91,0,0,175.19,0.05,89.06
2023-05-22,37.97,99.01,16.79,36.13,13.91,0.42,19.77,0.17,32.91,72.94,3.04,293.06,0.1,0.08,163.33,0.04,99.01
2023-05-23,37.46,100.43,17.26,38.97,13.57,0.36,21.45,0.17,31.36,71.15,2.36,263.45,0.01,0.01,130.2,0.03,100.29
2023-05-24,45.37,112.43,18.33,38.66,13.71,0.29,19.86,0.07,32.66,73.23,2.97,291.16,0,0,152.43,0.04,108.29
2023-05-25,44,107.53,17.35,39.68,13.92,0.57,20.14,0.21,30.72,75.92,3.01,287.27,0.14,0.11,109.83,0.02,105.02
2023-05-26,44.51,117.59,18.21,42.38,13.81,0.57,22.12,0.29,31.12,77.39,2,272.85,0.01,0.01,90.23,0.02,111.73
2023-05-27,56.94,143.72,15.33,37.2,9.91,0.51,22.31,0.34,33.36,77.66,2.29,230.59,0,0,155.91,0.04,129.15
2023-05-28,54.01,133.03,19.63,40.47,18.52,0.54,22.42,0.15,32.22,76.98,1.83,220.86,0,0,128.81,0.03,122.02
2023-05-29,53.85,189.96,35.33,42.7,19.8,0.72,21.25,0.15,32.79,74.91,2.02,266.63,0,0,159.31,0.05,159.97
2023-05-30,35.98,101.76,16.51,36.91,13.12,0.31,19.99,0.23,34.04,72,2.25,284.61,0,0,153.18,0.02,101.17
2023-05-31,57.74,175.08,24.36,45.53,14.06,0.71,20.33,0.4,33.63,69.5,2.15,292.03,0,0,115.36,0.01,150.05
2023-06-01,61.42,144.77,17.69,41.44,14.26,0.68,20.42,0.15,34.36,73.84,2.24,271.63,0,0,123.44,0.02,129.85
2023-06-02,74.2,172.96,18.89,40.34,10.36,0.46,20.48,0.29,34.21,79.24,1.79,267.71,0,0,126.39,0.02,148.64
2023-06-03,34.9,100.71,10.8,32.32,13.84,0.39,23.71,0.17,34.83,79.67,3.04,234.87,0,0,184.15,0.07,100.47
2023-06-04,38.13,106.32,8.85,32.53,13.8,0.3,22.6,0.14,33.09,75.53,2.62,225.12,0,0,133.65,0.04,104.21
2023-06-05,44.82,111.89,10.78,35.41,14.07,0.47,23.37,0.19,32.89,70.41,2.12,252.74,0,0,149.16,0.05,107.93
2023-06-06,45.62,141.63,13.28,39.82,12.92,0.58,21.52,0.35,34.3,75.7,1.78,250.44,0,0,115.55,0.03,127.75
2023-06-07,53.2,200.17,17.41,46.84,13.16,0.59,21.47,0.24,35.98,67.85,2.25,289.42,0,0,142.39,0.03,166.78
2023-06-08,59.01,195.48,20.86,52.93,15.08,0.79,22.6,0.52,37.37,61.96,1.78,275.57,0,0,129.28,0.01,163.65
2023-06-09,46.37,158.8,11.72,39.44,11.68,0.64,23.16,0.26,36.8,69.82,2.13,264.93,0.01,0.01,143.11,0.02,139.20
2023-06-10,46.44,150.26,16.78,42.23,12.67,0.72,19.37,0.34,40.87,57.67,2.48,282,0,0,160.87,0,133.51
2023-06-11,43.78,151.92,13.03,39.25,9.88,0.63,21.69,0.32,38.38,60.67,2.51,263.57,0,0,136.77,0.01,134.61
2023-06-12,39.5,131.57,18.55,40.74,12.49,0.6,17.43,0.08,34.79,71.2,2.68,256.54,0,0,129.86,0.02,121.05
2023-06-13,54.9,161.93,17.1,44.86,13.29,0.51,27.7,0.04,35.52,70.58,1.92,229.57,0,0,116.68,0.02,141.29
2023-06-14,41.58,128.15,14.99,42.32,9.46,0.61,25.16,0.03,34.28,69.97,2.9,254.51,0,0,156.38,0.02,118.77
2023-06-15,47.01,155.23,17.64,51.11,12.32,0.74,15.09,1,37,66.3,2.06,269.58,0,0,133.83,0.01,136.82
2023-06-16,54.08,181.53,13.97,52.43,15.7,0.69,13.84,0.93,38.73,61.63,2.04,266.49,0,0,121.43,0.02,154.35
2023-06-17,46.13,149.97,13.38,44.49,11.34,0.58,18.44,2.67,37.7,59.75,2.37,237.33,0.01,0.01,132.55,0.03,133.31
2023-06-18,49.79,156.04,10.82,40.96,5.82,0.65,16.67,0.71,36.3,69.17,2.26,194.92,0,0,170.68,0.03,137.36
2023-06-19,34.76,93.17,13.83,39.81,10.7,0.63,14.22,0.63,31.63,76.73,2.03,207.6,0.02,0.02,84.96,0.02,93.17
2023-06-20,46.97,117.36,9.94,42.69,11.12,0.57,15.95,0.51,32.12,76.23,2.2,225.41,0,0,146.19,0.03,111.57
2023-06-21,31.73,90.82,12.87,41.44,7.1,0.36,17.57,0.39,33.09,72.32,2.36,247.99,0,0,164.71,0.02,90.82
2023-06-22,39.01,111.99,12.9,42.44,9.75,0.57,13.5,0.72,31.51,74.6,2.29,263.57,0,0,68.67,0,107.99
2023-06-23,42.64,119.74,21.62,45.47,11.04,0.61,17.9,0.61,30.33,76.19,1.94,267.54,0,0,47.25,0,113.16
2023-06-24,32.27,85.75,31.03,43.41,11.82,0.71,16.16,0.79,27.59,79.56,2.1,274.29,0.05,0.04,33.06,0,85.75
2023-06-25,27.68,82.77,19.1,37.63,12.39,0.6,16.69,0.61,30.1,77.95,1.9,265.8,0,0,93.16,0.01,82.77
2023-06-26,26.98,92.85,21.89,38.88,10.03,0.35,15.85,0.71,32.18,70.67,2.87,266.62,0,0,113.23,0.02,92.85
2023-06-27,33.02,132.58,17.56,39.53,11.3,0.52,16.3,0.48,32.3,71.11,2.86,245.58,0,0,120.47,0.01,121.72
2023-06-28,29.2,101.07,12.45,36.15,7.22,0.47,16.73,0.35,33.4,72.57,2.72,237.88,0,0,137.26,0.03,100.71
2023-06-29,28.26,97.6,13.12,41.09,10.14,0.44,17.41,0.36,33.45,73.38,3,236.66,0,0,152.59,0.01,97.60
2023-06-30,35.68,100.54,14.75,39.43,9.7,0.42,20.47,0.43,34.25,71.27,2.6,240.73,0,0,151.46,0.03,100.36
2023-07-01,32.44,105.6,14.24,42.08,10.5,0.48,17.35,0.44,33.93,73.58,2.63,231.94,0,0,149.77,0.04,103.73
2023-07-02,42.7,127.22,14.52,38.54,9.15,0.52,22.92,0.73,33.84,71.44,2.22,229.15,0.01,0.01,157.55,0.03,118.15
2023-07-03,42.44,130.38,13.52,40.15,11.96,0.52,27.95,0.58,33.23,72.77,1.95,212.26,0,0,162.18,0.04,120.25
2023-07-04,33.2,106.24,18.71,41.96,11.01,0.46,13.94,0.7,32.55,72.41,2.13,232.71,0,0,160.62,0.03,104.16
2023-07-05,33.62,85.01,25.8,41.86,10.86,0.63,11.2,0.62,29.29,80.56,1.91,264.65,0.02,0.02,50.1,0,85.01
2023-07-06,34.97,91.11,25.79,45.12,10.91,0.53,13.21,0.65,29.13,82.34,2.19,260.03,0.03,0.03,68.13,0,91.11
2023-07-07,31.38,111.56,22.15,44.35,10.42,0.56,17.06,0.61,31.78,72.63,2.69,255.78,0,0,103.74,0,107.71
2023-07-08,33.57,109.44,17.81,41.83,11.21,0.63,14.15,0.39,31.76,74.07,2.74,239.85,0,0,111.13,0.01,106.29
2023-07-09,47.79,116.8,22.16,42.94,14.42,0.33,13.46,0.38,31.81,73.77,2.23,261.33,0,0,149.33,0.02,111.20
2023-07-10,31.75,101.06,13.61,37.16,14.17,0.5,19.13,0.47,33.05,72.84,2.57,209.18,0.01,0.01,217.14,0.06,100.71
2023-07-11,37.94,114.83,17.12,35.17,12.05,0.46,22.01,0.53,31.84,75.95,2.04,214.41,0.09,0.08,116.47,0.04,109.89
2023-07-12,23.07,66.74,19.79,37.53,13.5,0.33,17.73,0.41,30.78,75.57,2.23,250.27,0.01,0.01,144.84,0.02,66.74
2023-07-13,28.99,94.49,29.13,42.54,10.42,0.45,10.78,0.69,29.12,77.31,2.43,273.88,0,0,79.22,0,94.49
2023-07-14,34.49,103.85,17.05,41.66,12.81,0.5,11.82,0.42,31.52,76.2,2.79,249.89,0,0,140.4,0.01,102.57
2023-07-15,35.66,106.08,29.17,45.39,10.67,0.65,10.99,0.81,30.79,79.38,2.13,245.31,0.08,0.08,65.37,0.01,104.05
2023-07-16,23.2,67.09,30.47,41.18,13.31,0.59,12.39,0.81,31.9,71.79,2.42,286.31,0,0,86.07,0,67.09
2023-07-17,27.97,76.75,30.72,40.66,13.34,0.4,25.33,0.67,28.93,76.54,2.34,279.55,0.04,0.03,71.23,-0.02,76.75
2023-07-18,25.59,66.07,39.16,40.3,11.68,0.46,19.89,0.57,26.44,84.2,2.26,270.37,0.05,0.05,31.69,-0.02,66.07
2023-07-19,16.15,69.02,29.43,36.27,11.84,0.44,14.36,0.61,27.75,81.08,2.61,266.82,0.02,0.02,71.92,-0.03,69.02
2023-07-20,21.3,79.69,27.65,31.36,11.77,0.37,12.67,0.81,29.22,77.61,2.34,268.27,0,0,73.22,0,79.69
2023-07-21,25.35,92.43,20.91,31.82,12.01,0.42,13.04,0.59,30.72,76.06,2.5,262.89,0,0,146.22,0.01,92.43
2023-07-22,28.6,84.09,23.89,33.35,11.21,0.46,11.43,0.78,29.2,80.73,1.83,258.8,0.23,0.18,65.48,0,84.09
2023-07-23,32.02,80.31,23.7,36.31,13.28,0.52,11.03,0.66,28.96,82.82,2.18,264.04,0.46,0.44,112.42,0,80.31
2023-07-24,24.46,58.58,23.27,31.23,10.02,0.42,12.78,0.7,28.45,84.41,2.14,262.83,0.25,0.22,84.08,0.01,58.58
2023-07-25,18.44,43.66,20.69,30.73,9.46,0.44,15.02,0.68,29.12,83.06,1.84,252.44,0.6,0.53,92.39,0.01,43.66
2023-07-26,16.26,38.77,24.87,30.26,10.89,0.8,13.53,0.73,27.24,87.33,2.47,274.76,0.91,0.91,86.09,0,40.00
2023-07-27,20.88,74.28,15.64,28.74,11.44,0.39,16.66,0.43,29.02,79.15,3.69,257.26,0,0,99.83,0.01,74.28
2023-07-28,17.48,59.09,18.62,28.18,12.36,0.39,10.9,0.52,32.12,71.3,3.13,274.73,0,0,135.31,-0.01,59.09
2023-07-29,25.95,66.73,24.86,31.12,15.07,0.4,11.18,0.55,33.12,71.14,2.67,287.8,0,0,114.92,0,66.73
2023-07-30,29.44,75.88,33.15,29.29,11.62,0.43,10.53,0.51,33.61,68.61,2.17,289.87,0,0,102.17,0,75.88
2023-07-31,32.32,93.19,48.1,33.14,13.75,0.7,12.12,1.36,30.12,76.79,1.64,286.49,0.02,0.02,47.97,0,93.19
2023-08-01,29.77,87.62,47.02,28.79,11.04,0.42,12.38,2.27,30.27,77.17,2.28,293.73,0,0,64.88,0,87.62
2023-08-02,28.93,91.86,42.1,27.94,12.52,0.42,13.67,1.94,30.88,71.75,2.5,276.32,0,0,54.68,0,91.86
2023-08-03,27.95,104.81,34,27.65,12.43,0.39,29.4,1.25,33.39,66.6,3,265.11,0,0,140.53,0,103.21
2023-08-04,29.49,116.24,26.21,29.88,11.94,0.44,12.46,1.16,32.7,70.32,2.87,257.1,0,0,139.74,-0.01,110.83
2023-08-05,33.49,122.33,27.76,32.64,11.85,0.54,15.52,0.29,32.53,74.02,2.52,252.06,0,0,125.58,-0.01,114.89
2023-08-06,36.28,146.78,20.81,31.92,12.49,0.55,24.44,0,32.82,73.38,2.81,248.53,0,0,128.81,0,131.19
2023-08-07,33.48,117.38,31.11,30.66,13.41,0.49,16.06,0,33.86,66.73,2.73,275.67,0,0,121.59,0.01,111.59
2023-08-08,43.83,172.74,30.85,37.75,10.69,0.75,10.72,0,34.16,65.66,2.16,258.09,0,0,120.86,0.01,148.49
2023-08-09,40.57,155.83,19.95,35.85,10.8,0.63,14.66,0,33.77,66.69,2.08,231.03,0,0,133.79,0.02,137.22
2023-08-10,39.74,145.67,33.85,38.22,10.9,0.65,12.71,1.13,32.18,69.6,2.1,262.98,0,0,125.4,0.02,130.45
2023-08-11,48.76,153.82,30.46,36.36,10.76,0.74,11.01,1.92,32.91,72.22,2.01,243.78,0,0,150.3,0.03,135.88
2023-08-12,51.41,171.44,25.74,36.7,11.34,0.9,20.44,1.57,33.62,72.78,2.12,254.08,0,0,119.55,0.01,147.63
2023-08-13,38.03,131.5,23.79,33.53,8.31,0.58,50.48,0.98,33.08,69.41,2.05,248.95,0,0,129.13,0.02,121.00
2023-08-14,42.5,122.58,11.85,29.66,35.32,0.29,32.11,0.13,29.78,78.02,0.93,238.85,0,0,9.69,-0.01,115.05
2023-08-15,45.99,141.21,15.57,22.16,10.65,0.91,9.98,0.68,32.53,74.35,2.23,255.85,0,0,141.81,0,127.47
2023-08-16,36.11,103.06,28.74,27.67,11.27,0.79,10.33,0.21,33.65,69.62,2.29,262.99,0,0,151.59,0,102.04
2023-08-17,40.63,94.7,35.36,25.03,9.17,1.01,10.53,0.21,31.71,72.62,2.01,277.77,0.04,0.03,74.27,0,94.70
2023-08-18,39.87,94.75,38.09,24.93,10.08,1.33,10.42,0.68,29.09,80.52,1.79,277.88,0.01,0.01,71.38,0,94.75
2023-08-19,37.53,89.7,32.71,26.3,10.91,0.91,10.09,1.14,29.39,76.2,2.53,259.22,0,0,99.12,0,89.70
2023-08-20,36.27,86.81,24.41,23.91,9.5,0.82,9.84,0.32,31.85,73.18,2.36,257.82,0,0,139.49,0,86.81
2023-08-21,34.7,83.37,24.14,25.45,17.96,0.9,10.47,1.25,31.99,74.92,2.46,244.82,0,0,137.75,0.01,83.37
2023-08-22,37.44,89.45,31.21,25.6,16.04,1.2,10.77,2.73,30.93,78.16,2.04,248.66,0,0,89.45,0,89.45
2023-08-23,43.6,107.93,26.18,27.56,13.82,1.42,10.35,2.48,31.63,76.22,2.63,261.94,0,0,119.34,0,105.29
2023-08-24,36.95,108.9,28.04,28.27,17.42,1.17,10.89,1.35,30.8,77.3,2.18,259.25,0.02,0.02,98.26,0,105.93
2023-08-25,38.46,103.39,34.47,26.43,17.59,1.42,10.58,1.61,30.34,77.62,2.56,256.36,0.06,0.05,116.73,0,102.26
2023-08-26,29.77,73.58,46.09,21.32,9.05,0.9,10.79,1.02,26.5,87.46,1.73,286.82,0.12,0.12,32.39,0,73.58
2023-08-27,37.24,99.87,27.73,15.69,9.37,0.93,10.81,1.05,30.82,79.83,1.97,271.29,0,0,88.52,0,99.87
2023-08-28,35.86,107.35,20.64,14.08,6.59,0.76,11.17,0.86,32.12,74.44,2.04,236.06,0,0,145.1,0,104.90
2023-08-29,49.45,193.76,21.04,16.23,13.64,0.77,10.84,0.88,32.31,68.94,1.75,225.35,0,0,153.84,0,162.51
2023-08-30,61.09,238.06,20.5,17.82,8.69,0.86,11.55,0.98,33.28,67.34,1.73,233.7,0,0,156.3,0,192.04
2023-08-31,58.91,208.02,13.9,14.1,10.42,0.8,15.1,0.91,32.96,73.48,1.75,203.39,0,0,151.68,0,172.01
2023-09-01,61.78,170.33,16.81,18.77,11.63,0.66,11.87,0.76,32.27,77.04,2.1,244.36,0,0,133.28,0,146.89
2023-09-02,52.49,83.62,23.09,19.32,13.44,0.47,10.58,0.53,31.4,77.61,2.18,245.98,0.27,0.27,103.93,0,87.48
2023-09-03,38.62,72.62,33.9,21.19,51.66,0.71,11.71,0.82,31.54,78.99,2.06,231.54,0.08,0.08,129.09,0,72.62
2023-09-04,39.42,74,29.62,19.84,43.07,0.51,13.2,0.59,30.71,79.51,1.8,206.51,0,0,84.18,0,74.00
2023-09-05,36.15,68.48,31.57,18.24,51.75,0,12.64,0,31.16,77.89,1.64,211.68,0,0,134.84,0,68.48
2023-09-06,47.81,88.34,35.33,19.85,40.9,0,13.32,0,29.93,81.37,1.53,235.99,0.04,0.04,69.92,0,88.34
2023-09-07,35.63,67.44,34.06,18.73,38.94,0,30.27,0,28.01,85.69,2.1,267.89,0.32,0.3,41.7,0,67.44
2023-09-08,46.51,114.4,23.12,20.77,52.56,0,68.9,0,30.95,78.98,2.94,235.65,0.01,0.01,117.9,0,109.60
2023-09-09,32.22,98.8,22.05,18.4,23.03,0.53,30.88,0.76,29.98,83.05,1.92,240.09,0.1,0.09,64.67,0,98.80
2023-09-10,31.14,82.08,35.67,26.31,4.73,0.78,18.13,2.34,29.37,82.36,1.98,260.17,0.05,0.05,85.08,0,82.08
2023-09-11,35.3,86.25,52.34,29.45,5.27,1.26,15.13,3.07,29.11,83.78,1.58,256.4,0.14,0.14,80.48,0,86.25
2023-09-12,33.41,95.36,44.22,29.67,6.03,1.17,25.47,3.44,29.64,81.26,1.74,253.43,0,0,63,0,95.36
2023-09-13,40.61,107.77,60.2,31.25,6.85,0.97,37.61,3.6,28.19,80.28,1.72,282.69,0,0,33.86,0,105.18
2023-09-14,29.56,87.8,36.07,29.35,6.52,0.6,10.99,1.94,28.92,75.28,2.71,268.87,0,0,84.84,0,87.80
2023-09-15,34.02,111.23,23.46,32.02,8.85,0.59,11.93,1.11,31.07,76.28,2.96,235.18,0,0,120.72,0,107.49
2023-09-16,33.73,87.78,32.31,33.42,12.3,1.06,14.23,1.44,31.13,76.9,2.23,252.1,0,0,124.96,0,87.78
2023-09-17,35.86,79.16,47.12,34.73,13.67,0.51,10.45,1.55,31.74,76.4,1.8,246.14,0,0,100.69,0,79.16
2023-09-18,32.41,77.27,45.57,32.71,11.57,0.46,17.12,0.66,30.47,78.94,1.82,216.81,0.31,0.25,109.4,0,77.27
2023-09-19,45.15,130.78,46.22,38.82,9.53,1.03,23.63,3.35,30.25,80.27,1.17,246.64,0,0,52.59,0,120.52
2023-09-20,34.23,86.93,74.9,51.74,10.83,1.15,12.99,0.27,27.1,86.57,1.59,232.87,0.53,0.4,32.23,0,86.93
2023-09-21,33.1,101.18,5.79,23.53,17.45,0.98,9.81,1.43,29.88,79.12,2.48,273.86,0,0,62.34,0,100.79
2023-09-22,36.79,96.42,5.9,24.17,16.44,0.58,12.03,0.94,29.1,82.85,2.39,260.03,0,0,107.51,0,96.42
2023-09-23,46.51,114.4,17.13,36.64,11.29,0.62,22.76,1.85,28.27,70.84,1.65,217.34,0.03,0,112.6,-0.06,109.60
2023-09-24,46.51,114.4,17.13,36.64,11.29,0.62,22.76,1.85,28.27,70.84,1.65,217.34,0.03,0,112.6,-0.06,109.60
2023-09-25,46.51,114.4,17.13,36.64,11.29,0.62,22.76,1.85,28.27,70.84,1.65,217.34,0.03,0,112.6,-0.06,109.60
2023-09-26,37.56,119.47,31.81,41.75,7.73,1.2,10.15,2,29.99,83.21,1.14,258.36,0,0,9,0,112.98
2023-09-27,33.3,77.64,19.73,34.71,3.76,0.73,10.61,1.09,31.33,81.97,1.74,235.86,0.01,0.01,113.86,-0.06,77.64
2023-09-28,41.44,123.99,32.97,36.98,4.61,0.62,11.03,1.76,31.44,79.56,1.69,235.35,0,0,136.2,-0.06,115.99
2023-09-29,28.8,109.32,32.17,40.34,4.6,0.64,36.62,1.85,30.19,78.67,1.84,242.63,0,0,108.47,-0.06,106.21
2023-09-30,36.84,113.85,33.08,44.65,5.09,0.66,42.89,2.35,30.84,76.86,2.18,263.71,0,0,103.14,-0.06,109.23
2023-10-01,40.89,114.7,31.69,44.31,4.7,0.31,22.76,1.64,30.46,80.79,2.46,254.94,0.11,0.11,81.81,-0.06,109.80
2023-10-02,34.49,109.69,27.92,46.4,4.77,0.16,10.11,1.46,30.23,79.7,2.36,257,0,0,57.06,-0.06,106.46
2023-10-03,49.71,143.53,27.63,48.39,4.49,0.69,10.51,2.09,31.43,76.6,2.34,259.4,0,0,116.45,-0.06,129.02
2023-10-04,54.93,140.76,24.71,45.21,5.27,0.56,11.53,2.48,32.29,76.25,1.88,240.94,0,0,136.66,-0.06,127.17
2023-10-05,50.28,178.59,30.89,61,4.99,0.52,12.72,4.12,32.17,64.23,1.58,232.07,0,0,143.07,-0.06,152.39
2023-10-06,67,233.28,29.27,56.54,4.75,0.55,23.51,5.81,31.13,70.36,1.7,241.48,0,0,135.13,-0.06,188.85
2023-10-07,74,194.22,15.62,46.73,6.51,0.61,14.71,2.17,31.5,74.9,1.81,232.91,0,0,134.55,-0.06,162.81
2023-10-08,66.89,161.01,19.46,48.08,3.76,0.64,10.11,1.6,31.4,80.14,2.23,257.25,0,0,111.51,-0.06,140.67
2023-10-09,58.21,147.29,25.78,45.04,6.03,0.64,31.61,1.64,31.46,78.52,2.08,251.89,0,0,122.55,-0.06,131.53
2023-10-10,73.35,148.17,13.98,35.64,7.61,0.64,12.75,1.46,31.99,79.36,1.84,200.2,0,0,131.99,-0.06,144.50
2023-10-11,90.92,206.57,26.51,46.4,7.03,0.61,22.25,2.02,31.71,74.82,1.67,226.6,0,0,127.09,-0.06,203.07
2023-10-12,79.52,202.01,27.2,42.22,8.32,0.57,20.39,2.05,31.9,68.96,1.62,215.23,0,0,130.59,-0.06,168.01
2023-10-13,74.31,200.67,35.23,42.66,8.62,0.56,19.53,2.04,32.07,66.98,1.49,198.01,0,0,132.42,-0.06,167.11
2023-10-14,66.63,210.97,24.07,45.51,8.92,0.53,16.44,2.69,30.9,69.84,1.61,205.35,0,0,128.66,-0.06,173.98
2023-10-15,63.95,176.52,43.95,43.88,12.72,0.72,11.58,2.45,30.79,71.02,1.34,211.91,0,0,126.21,-0.06,151.01
2023-10-16,69.01,214.58,46.63,44.99,12.64,0.85,16.73,2.42,32.13,64.1,1.27,208.13,0,0,121.19,-0.06,176.39
2023-10-17,84.03,230.61,34.07,41.29,6.32,0.85,18.42,2.48,31.69,64.68,1.45,208.44,0,0,122.03,-0.06,187.07
2023-10-18,80.64,186.72,9.61,26.74,2.68,1.07,20.73,1.26,33.61,64.09,1.96,138.56,0,0,157.53,-0.06,168.80
2023-10-19,90.72,254.98,27.64,40.6,1.23,1.13,15.84,2.6,31.61,70.98,1.96,181.02,0,0,113.44,-0.06,204.98
2023-10-20,49.19,133.63,8.82,24.94,1.22,0.88,24.65,0.86,32.92,64.36,3.29,142.15,0,0,140.08,-0.06,122.42
2023-10-21,50.25,129.47,8.64,29.95,2.55,0.77,16.94,0.86,30.86,66.64,2.82,180.36,0,0,108.62,-0.06,119.65
2023-10-22,54.41,128.75,9.29,39.73,3.72,0.8,16.17,0.84,30.92,60.66,2.71,249.44,0,0,102.25,-0.06,119.17
2023-10-23,40.42,118.09,17.91,45.84,4.64,1.07,17.47,2,30.99,57.34,2.45,277.74,0,0,85.75,-0.06,112.06
2023-10-24,54.5,125.11,23.03,34.04,6.24,0.95,13.84,1.83,31.21,64.77,1.45,187.48,0,0,118.49,-0.06,116.74
2023-10-25,65.08,148.05,22.21,36.33,5.81,1.04,13.13,1.07,29.98,73.63,1.24,201.49,0,0,83.16,-0.06,132.03
2023-10-26,60.78,132.87,17.09,28.04,5.38,0.98,14.96,0.77,29.85,76.26,1.39,180.95,0,0,90.98,-0.06,121.91
2023-10-27,62.7,134.88,19.13,30.38,5.91,0.94,15,0.89,29.93,72.65,1.68,181.78,0,0,91.4,-0.06,123.25
2023-10-28,93.27,170.9,12.31,27.34,7.14,0.89,16.76,0.5,29.42,72.94,1.72,172.73,0,0,97.28,-0.06,210.90
2023-10-29,76.65,140.94,8.66,21.5,6.08,0.79,23.47,0.29,29.41,68.61,1.99,180.77,0,0,103.81,-0.06,155.50
2023-10-30,54.78,116.7,8.78,30.56,4.5,0.87,23.04,0.56,29.36,63.19,1.87,201.53,0,0,110.76,-0.06,111.13
2023-10-31,56.11,118,8.86,29.13,6.43,0.86,63.41,0.48,29,66.61,2.16,191.51,0,0,105.22,-0.06,112.00
2023-11-01,47.79,97.67,9.12,32.06,3.06,0.85,28.04,0.31,29.32,70.81,2.58,188.63,0.07,0.07,94.84,-0.06,97.67
2023-11-02,20.82,54.35,10.06,24.56,2.27,0.74,12.8,0.36,29.42,76.74,2.41,158.89,0,0,115.68,-0.06,54.35
2023-11-03,20.28,22.9,10.5,16.56,3.39,0.49,15.05,0.36,29.01,78.46,2.2,159.49,0.12,0.11,122.69,-0.06,33.80
2023-11-04,8.97,30.47,17.76,17.08,4.33,0.5,22.68,0.56,26.93,82.26,1.4,180.02,0.23,0.2,92.68,-0.06,30.47
2023-11-05,17.41,65.07,40.37,21.27,5.18,0.6,23.8,1.3,28.77,77.88,1.48,176.42,0,0,120.2,-0.06,65.07
2023-11-06,22.28,46.64,9.32,16.79,5.25,0.5,34.52,0.45,28.78,79.12,2.3,160.91,0,0,70.98,-0.06,46.64
2023-11-07,54.77,94.43,9.29,21.36,5.02,0.64,19.86,0.56,29.28,76.59,2.07,166.09,0,0,81.44,-0.06,94.43
2023-11-08,71.72,155.19,13.11,26.21,9.49,0.69,26.86,0.71,29.9,71.89,1.73,179.88,0,0,101.95,-0.06,139.07
2023-11-09,70.8,161.68,11.81,36.9,5.91,0.79,45.63,0.68,30.5,58.74,1.97,135.02,0,0,141.43,-0.06,141.12
2023-11-10,93.81,259.17,33.67,50.94,4.29,0.86,26.12,1.32,28.5,65.66,1.24,187.26,0,0,112.92,-0.06,212.70
2023-11-11,105.16,280.81,32.01,49.37,2.81,0.92,22.74,2.42,28.85,66.06,1.22,178.57,0,0,110.72,-0.06,250.53
2023-11-12,125.79,327.4,26.5,49.86,4.66,0.96,21.05,1.84,28.25,69.27,1.38,196.85,0,0,101.97,-0.06,304.45
2023-11-13,133.38,231.35,9.5,26.85,5.26,0.86,20.25,0.35,28.68,70.28,2.17,163.22,0,0,83.61,-0.06,310.29
2023-11-14,88.26,167.49,9.15,26.69,5.68,0.72,26.29,0.43,28.76,65.11,2.74,166.25,0,0,115.17,-0.06,194.20
2023-11-15,75.07,159.23,8.3,29.01,8.33,0.7,36.06,0.38,30.55,56.08,3.18,132.44,0,0,205.64,-0.06,150.23
2023-11-16,49.27,104.09,8.9,26.79,7.86,0.61,31.91,0.3,29.47,64.23,2.78,184.97,0,0,117.41,-0.06,102.73
2023-11-17,47.85,90.1,8.69,14.84,10.02,0.61,48.99,0.28,29.1,68.9,1.97,143.48,0,0,122.26,-0.06,90.10
2023-11-18,32.43,71.47,11.04,19.61,7.37,0.62,28.09,0.32,28.58,72.47,1.93,167.74,0,0,114.12,-0.06,71.47
2023-11-19,30.57,67.05,9.46,20.04,9.06,0.59,22.4,0.15,28.06,74.71,2.56,159.75,0,0,105.09,-0.06,67.05
2023-11-20,29.57,74.36,9.44,25.66,9.69,0.55,15.11,0.2,26.41,70.67,2.94,147.59,0,0,50.65,-0.06,74.36
2023-11-21,30.02,63.99,12.5,33.29,10.47,0.75,8.18,0.35,24.52,78.72,2.08,184.37,0.02,0.02,53.81,-0.06,63.99
2023-11-22,46.42,90.32,10.16,23.29,5.52,0.74,21.66,0.21,27.33,76.73,1.93,157.75,0,0,82.07,-0.06,90.32
2023-11-23,82.93,136.91,8.09,18.99,6.74,0.79,26.61,0.35,27.51,77.17,2.16,138.13,0,0,77.61,-0.06,176.43
2023-11-24,82.5,145.63,7.55,18.57,5.37,0.78,33.37,0.19,27.82,70.86,2.04,107.7,0,0,62.97,-0.06,175.00
2023-11-25,100.01,168.93,9.15,27.72,8.3,0.93,26.12,0.25,29.24,68.25,2.86,119.5,0,0,169.02,-0.06,233.37
2023-11-26,91.03,157.92,8.59,24.42,8.85,0.85,32.86,0.16,28.44,66.97,2.66,102.17,0,0,140.79,-0.06,203.43
2023-11-27,46.51,162,8.6,27.66,6.75,0.81,21.47,0.22,25.53,74,2,137.33,0,0,118,-0.06,141.33
2023-11-28,46.51,114.4,8.97,27.54,9.11,0.74,20.59,0.05,28.27,70.84,1.65,217.34,0,0,112.6,-0.06,109.60
2023-11-29,59.62,129.49,9.1,27.59,6.71,0.79,28.62,0.2,26.49,78.15,2.16,96.18,0,0,15.95,-0.06,119.66
2023-11-30,62.18,137.11,9.71,26.83,8.16,0.84,16.1,0.43,28.7,69.14,2.35,113.52,0,0,156.37,-0.06,124.74
2023-12-01,73.36,159.79,8.07,32.27,5.02,0.97,22.43,0.3,28.23,70.09,2.89,129.63,0,0,140.97,-0.06,144.53
2023-12-02,48.71,109.73,6.91,29.65,10.23,0.77,20.97,0.13,27.06,70.95,3.56,132.59,0,0,91.06,-0.06,106.49
2023-12-03,52.54,117.11,8.06,25.09,9.23,0.77,19.73,0.32,27.62,66.64,4.11,125.61,0,0,69.9,-0.06,111.41
2023-12-04,48.69,82.78,8.5,35.79,9.76,0.86,16.39,0.65,21.64,87.33,3.02,139.03,0.48,0.31,22.85,-0.06,82.78
2023-12-05,36.02,56.48,9.74,23.53,10.52,0.7,20.11,0.3,23.63,91.25,3.27,117.15,1.47,0.42,22.69,-0.06,60.03
2023-12-06,16.23,33.46,9.12,30.66,10.38,0.6,15.19,0.46,22.92,91.64,2.95,135.55,0.46,0.42,64.67,-0.06,38.33
2023-12-07,51.93,87.39,11.99,33.4,10.33,0.89,11.63,1.15,24.43,88.92,1.99,151.51,0,0,85.95,-0.06,87.39
2023-12-08,39.35,86.45,14.05,32.78,8.68,0.82,11.62,1.25,27.27,81.34,1.73,150.29,0,0,139.47,-0.06,86.45
2023-12-09,31.95,65.22,11.93,29.57,10.69,0.69,14.19,0.85,25.51,82.28,2.22,151.41,0,0,100.68,-0.06,65.22
2023-12-10,37.89,73.11,16.24,37.12,12.4,0.82,16.57,0.8,26.33,70.85,1.77,162.17,0,0,112.96,-0.06,73.11
2023-12-11,54.13,115.49,13.38,34,11.74,0.68,18.73,1.1,25.32,72.65,1.62,157.36,0,0,95.81,-0.06,110.33
2023-12-12,55.83,106.51,9.7,33.3,11.82,0.62,23.56,0.75,24.71,69.22,1.75,129.15,0,0,100.08,-0.06,104.34
2023-12-13,68.09,126.29,10.94,39.74,12.61,0.73,24.51,1.05,24.12,69.99,1.75,141.59,0,0,96.77,-0.06,126.97
2023-12-14,80.83,141.98,9.87,39.25,14.44,0.7,42.31,1.05,24.14,65.74,1.8,148.96,0,0,100.06,-0.06,169.43
2023-12-15,68.66,126.12,8.78,39.58,11.62,0.72,34.81,0.97,24.01,68.61,2.05,147.08,0,0,95.97,-0.06,128.87
2023-12-16,77.48,143.47,8.41,36.95,12.87,0.78,25.24,0.76,24.22,68.55,1.95,141.72,0,0,95.03,-0.06,158.27
2023-12-17,73.72,136.88,8.48,36.45,11.58,0.79,22.43,0.56,24.27,68.17,1.83,123.41,0,0,90.42,-0.06,145.73
2023-12-18,81.08,153.03,9.69,41.38,12.2,0.9,24.96,0.96,23.64,66.51,1.79,139.15,0,0,89.7,-0.06,170.27
2023-12-19,86.11,167.57,8.97,46.7,11.65,0.98,21.88,1.25,23.5,64.34,1.85,176.97,0,0,92.33,-0.06,187.03
2023-12-20,98.14,181.91,9.93,46.92,12.74,1.08,22.74,1.16,22.61,64.04,1.91,162.09,0,0,94.37,-0.06,227.13
2023-12-21,117.55,297.53,48.12,54.39,13.36,1.48,20.75,3.32,21.31,70.14,1.13,206.74,0,0,96.77,-0.06,291.83
2023-12-22,116.7,263.11,57.13,55.91,11.43,1.48,17.09,4.14,21.55,74,1.08,209.6,0,0,93.49,-0.06,289.00
2023-12-23,112.05,253.12,47.94,56.37,10.46,1.3,17.79,3.97,22.43,75.54,1.35,171.57,0,0,88.62,-0.06,273.50
2023-12-24,98.07,181.53,18.33,50.18,11.49,1.16,14.44,1.45,22.94,78.17,1.51,172.75,0,0,92.11,-0.06,226.90
2023-12-25,112.7,240.49,31.69,48.01,10.76,1.23,18.39,1.7,23.04,78.7,1.45,177.44,0,0,87.92,-0.06,275.67
2023-12-26,83.95,163.78,16.5,46.83,9.96,1.08,19.86,1.38,24.11,78.71,1.62,179.24,0,0,92.73,-0.06,179.83
2023-12-27,68.77,124.62,12.95,44.36,9.78,1,24.68,1.07,24.01,78.26,1.69,167.63,0,0,95.25,-0.06,129.23
2023-12-28,85.98,179.21,29.82,46.13,10.51,1.11,31.94,1.7,23.51,79.76,1.55,178.25,0,0,92.98,-0.06,186.60
2023-12-29,82.03,140.82,10.79,43.04,8.94,0.93,17.23,0.97,23.58,79.99,1.58,160.39,0,0,87.88,-0.06,173.43
2023-12-30,108.43,206.53,26.26,41.62,10.33,1.09,18.51,1.21,24.01,77.62,1.46,169.06,0,0,91.8,-0.06,261.43
2023-12-31,102.7,168.91,9.71,37.2,11.42,0.95,25.77,0.6,24.12,74.89,1.93,133.01,0,0,86.51,-0.06,242.33
2024-01-01,104.29,167.81,10.24,41.9,11.18,1.1,18.75,0.84,28.97,76.99,1.55,176.82,0,0,93.42,0,247.63
2024-01-02,135.08,244.83,22.31,48.3,12.16,1.24,17.78,1.51,29.08,76.69,1.53,184.57,0,0,85.24,-0.06,311.60
2024-01-03,133.14,209.46,10.12,45.55,9.35,1.17,19.83,1.04,28.96,78.06,1.76,185.86,0,0,74.82,-0.06,310.11
2024-01-04,98.81,170.76,10.96,44.68,10.88,1.05,19.54,0.96,28.95,76.52,1.8,169.3,0,0,88.18,-0.06,229.37
2024-01-05,66.74,114.46,9.72,40.75,9.66,0.81,20.6,0.67,28.97,72.26,2.17,155.67,0,0,104.4,-0.06,122.47
2024-01-06,73.74,123.27,9.7,39.48,8.43,0.86,17.56,0.54,29.31,74.93,2.2,149.28,0,0,103.34,-0.06,145.80
2024-01-07,80.62,131.23,9.57,39.1,8.83,0.84,63.97,0.49,29.17,78.88,2.22,148.01,0,0,98.62,-0.06,168.73
2024-01-08,104.53,170.85,8.54,34.95,11.37,0.88,38.52,0.51,29.19,75.36,2.39,131.36,0,0,105.93,-0.06,248.43
2024-01-09,131.78,203.58,10.66,28,11.1,0.9,30.22,1.13,28.73,76.72,2.11,112.74,0,0,122.43,-0.06,309.06
2024-01-10,132.62,225.16,21.61,32.75,10.43,0.98,17.55,0.9,28.74,77.04,1.24,183.66,0,0,91.22,-0.06,309.71
2024-01-11,133.51,277.43,46.11,38.06,13.19,1.1,15.5,2.56,28.69,73.32,0.71,178.78,0,0,79.89,-0.06,310.39
2024-01-12,108.51,204.13,20.54,31.17,10.8,0.85,21.68,1.18,28.8,78.03,1.06,156.68,0,0,93.36,-0.06,261.70
2024-01-13,118.25,214.32,24.39,30.17,11.35,1.03,16.04,0.94,28.78,84.13,0.97,181.58,0,0,93.11,-0.06,294.17
2024-01-14,158.14,249.94,22.82,34.87,10.53,1.25,14.65,0.75,29,85.49,0.98,212.25,0,0,79.65,-0.06,329.34
2024-01-15,109.02,188.54,19.5,36,11.15,0.9,11.99,0.78,28.9,83.26,1.62,245.22,0.01,0.5,99.05,-0.06,263.40
2024-01-16,72.21,130.08,20.06,38,8.52,0.84,10.14,0.53,28.8,82.35,1.65,243.86,0,0,92.07,-0.06,140.70
2024-01-17,54.78,103.78,20.59,36.29,9.75,0.79,10.42,0.5,28.75,80.21,1.6,222.59,0,0,98.04,-0.06,102.52
2024-01-18,52.48,118.32,31.45,36.24,9.89,1.01,10.62,1.14,28.79,73.82,1.62,212.57,0,0,142.91,-0.06,112.21
2024-01-19,47.04,139.9,46.31,29.65,10.76,0.88,13.36,1.29,28.57,78.3,1.14,173.05,0,0,96.1,-0.06,126.60
2024-01-20,58.99,138.24,37.21,27.61,9.61,0.97,15.45,0.95,28.59,80.89,1.2,165.61,0,0,84.81,-0.06,125.49
2024-01-21,63.91,154.9,53.3,36.18,9.36,1.09,9.6,1.52,29.83,81.39,1.6,231.52,0,0,96.97,-0.06,136.60
2024-01-22,78.79,151.29,28.93,27.98,9.58,1.07,18.27,0.89,28.51,84.78,1.96,168.29,0,0,83.97,-0.06,162.63
2024-01-23,91.94,157.52,10.26,28.51,9.57,1.1,15.99,0.47,28.36,82.13,1.88,125.75,0,0,81.2,-0.06,206.47
2024-01-24,58.85,152.39,41.12,36.37,7.94,0.95,9.18,1.08,28.43,83.39,1.97,223.85,0,0,85.84,-0.06,134.93
2024-01-25,41.41,89.11,17.8,28.84,9.74,0.95,16.26,0.66,28.63,84.6,2.26,149.14,0,0,63.46,-0.06,89.11
2024-01-26,62.07,115.4,9.17,25.09,11.94,0.97,24.84,0.47,28.95,75.69,2.86,106.78,0,0,152.78,-0.06,110.27
2024-01-27,79.01,132.92,9.87,27.57,10.72,0.95,21.79,0.46,28.71,76.14,2.12,130.01,0,0,95.08,-0.06,163.37
2024-01-28,69.61,130.71,9.12,25.57,10.73,0.67,30.38,0.31,28.37,74.22,1.83,125.58,0,0,108.92,-0.06,132.03
2024-01-29,70.52,130.67,9.67,26.63,15.07,0.3,33.7,0.82,28.85,72.22,1.7,127,0,0,136.11,-0.06,135.07
2024-01-30,69.6,181.01,49.12,39.34,9.58,0.43,17.41,1.69,30.17,78.21,1.19,209.66,0,0,116.16,-0.06,154.01
2024-01-31,52.98,151.32,48.68,40.52,12.1,0.41,18.84,2,28.96,78.16,1.39,212.16,0,0,110.54,-0.06,134.21
2024-02-01,47.46,120.27,39.39,37,9.57,0.43,13.05,1.31,29.02,77.28,2.06,202.92,0,0,167.08,-0.06,113.51
2024-02-02,32.07,88.89,37.98,35.18,9.84,0.33,9.89,1.29,29.53,79.71,2.04,223.61,0,0,107.25,-0.06,88.89
2024-02-03,36.89,91.5,24.24,33.18,10.28,0.47,15.04,0.96,28.28,84.67,1.34,197.65,0,0,85.72,-0.06,91.50
2024-02-04,44.93,118.93,25.52,26.88,10.23,0.38,15.81,0.99,28.22,84.04,1.31,186.57,0,0,86.2,-0.06,112.62
2024-02-05,49.73,123.91,33.37,33.79,10.53,0.43,10.5,1.16,28.31,83.54,1.57,223.25,0,0,88.46,-0.06,115.94
2024-02-06,59.6,124.73,25.33,37.63,10.03,0.49,10.5,0.96,28.38,82.03,2.05,225.84,0,0,109.26,-0.06,116.49
2024-02-07,76,157.6,27.17,40.58,9.98,0.64,12.1,1.18,28.31,82.62,1.66,228.27,0,0,96.11,-0.06,153.33
2024-02-08,68.49,135.71,10.09,19.41,8.75,0.32,24.77,0.71,28.11,88.74,1.4,147.49,0,0,40.46,-0.06,128.30
2024-02-09,59.18,139.18,20.25,24.37,11.04,0.5,33.38,0.65,28.27,82.54,2.04,140.8,0,0,70.56,-0.06,126.12
2024-02-10,49.72,112.38,10.81,26.64,9.36,0.79,42.24,0.31,28.29,75.56,1.87,114.74,0,0,74.31,-0.06,108.25
2024-02-11,56.43,119.61,10.12,30.12,10.12,2.62,38.75,0.34,28.17,75.08,1.77,132.31,0,0,91.72,-0.06,113.07
2024-02-12,49.04,104.39,8.79,33.39,8.92,0.29,33.43,0.76,28.09,75.75,1.74,150.21,0,0,105,-0.06,102.93
2024-02-13,43.19,93.84,8.65,26.79,9.89,0.68,26.95,0.67,27.87,76.25,1.5,154.71,0,0,101.32,-0.06,93.84
2024-02-14,57.15,158.93,38.91,38.59,9.65,0.7,19.99,1.25,28.11,78.49,1.1,201.11,0,0,107.21,-0.06,139.29
2024-02-15,65.17,168.76,79.51,34.72,9.39,0.89,11.83,2.67,28.28,78.9,0.96,200.74,0,0,103.51,-0.06,145.84
2024-02-16,51.45,145.21,52.35,26.9,9,0.58,16.72,2.15,28.33,73.49,1.42,171.41,0,0,111.12,-0.06,130.14
2024-02-17,53.72,148.65,53.64,33.01,9.16,0.68,11.47,1.59,28.49,77.27,0.92,215,0,0,105.31,-0.06,132.43
2024-02-18,61,130.22,29.14,36.39,8.63,0.58,8.3,0.82,28.34,80.64,1.42,232.11,0,0,88.84,-0.06,120.15
2024-02-19,56.03,136.84,31.34,40.27,9.3,0.67,7.93,0.92,28.36,75.75,1.85,237.88,0,0,91.48,-0.06,124.56
2024-02-20,54.77,138.13,34.36,39.92,7.82,0.56,7.96,0.96,28.43,76.09,2.07,250.76,0,0,96.8,-0.06,125.42
2024-02-21,53.18,140.45,31.54,40.66,10.6,0.61,13.02,0.92,28.25,74.59,2.24,254.9,0,0,97.25,-0.06,126.97
2024-02-22,50.31,125.19,31.45,37.28,10.13,0.53,31.17,0.85,28.26,80.48,2.83,238.82,0,0,89.92,-0.06,116.79
2024-02-23,40.74,93.94,26.22,33.47,10.11,0.43,16.8,0.67,28.29,81.81,2.63,228.59,0,0,87.6,-0.06,93.94
2024-02-24,34.71,75.76,19.77,28.5,8.61,0.38,11.02,0.53,28.14,80.34,2.23,202.72,0,0,96.36,-0.06,75.76
2024-02-25,32.08,71.85,13.36,18.17,8.92,0.35,14.4,0.33,27.81,76.04,1.78,169.58,0,0,108.16,-0.06,71.85
2024-02-26,40.03,83.74,10.42,17.66,10.13,0.39,18.75,0.36,27.81,77.22,2.08,118.32,0,0,99.51,-0.06,83.74
2024-02-27,43.61,90.28,8.27,18.67,9.2,0.41,23.54,0.38,27.81,78.28,2.04,153.1,0,0,103.62,-0.06,90.28
2024-02-28,41.69,90.44,12.63,24.63,9.71,0.47,17.91,0.53,27.67,79.44,1.66,176.72,0,0,109.03,-0.06,90.44
2024-02-29,54.87,125.96,13.08,30.13,9.5,0.43,13.69,0.76,27.6,74.96,1.75,195.61,0,0,111.07,-0.06,117.31
2024-03-01,57.09,127.41,18.4,31.27,10.12,0.49,18.26,0.78,27.51,79.19,1.56,214,0,0,114.89,-0.06,118.27
2024-03-02,59.17,158.26,33.59,38.54,10.58,0.57,13.18,1.23,27.65,75.86,1.92,226.09,0,0,117.1,-0.06,138.84
2024-03-03,60.08,150.89,22.33,39.71,9.56,0.5,10.74,0.83,27.69,76.92,2.31,228.14,0,0,110.42,-0.06,133.93
2024-03-04,56.62,135.62,26.98,38.9,10.27,0.56,10.37,0.85,27.48,77.34,2.31,232.03,0,0,112.63,-0.06,123.75
2024-03-05,57.83,130.94,23.48,34,10.51,0.46,11.68,0.97,27.27,78.32,1.92,229.14,0,0,100.74,-0.06,120.63
2024-03-06,50.54,85.29,22.2,32.89,10.74,0.42,14.09,1.17,27.41,79.09,1.88,226.36,0,0,96.51,-0.06,85.29
2024-03-07,40.76,101.81,23.08,32.88,10.41,0.47,10.07,0.83,27.57,78.53,2.17,225.4,0,0,102.26,-0.06,101.21
2024-03-08,41.27,104.69,18.8,28.71,10.08,0.35,8.77,0.66,27.47,78.73,2.31,200.39,0,0,98.01,-0.06,103.13
2024-03-09,35.17,67.72,12.28,10.68,9.17,0.31,11.84,0.31,27.57,77.54,1.95,158.85,0,0,95.83,-0.06,67.72
2024-03-10,41.51,90.07,20.94,21.45,8.9,0.41,67.4,0.55,28.07,76.58,1.81,179.75,0,0,106.14,-0.06,90.07
2024-03-11,44.67,122.96,15.25,37.27,8.88,0.55,10.41,0.79,28.09,75.15,1.97,227.57,0,0,85.28,-0.06,115.31
2024-03-12,50.08,144.78,25.15,39.1,9.21,0.61,10.07,1.2,28.4,75.87,2.77,243.73,0,0,125.73,-0.06,129.85
2024-03-13,47.76,135.19,19.6,37.44,8.78,0.55,8.25,1.06,27.94,74.4,3.22,222.29,0,0,137.2,-0.06,123.46
2024-03-14,49.26,129.82,25.42,38.28,10.31,0.64,4.47,1.04,27.89,78.92,2.49,239.95,0,0,76.52,-0.06,119.88
2024-03-15,44.9,115.23,23.09,34.15,10.67,0.45,3.95,0.93,27.43,80.69,2.46,234.56,0,0,99.23,-0.06,110.15
2024-03-16,29.45,92.48,23.13,31.09,10.22,0.46,20.08,0.81,27.54,80.25,2.42,221.06,0,0,105.41,-0.06,92.48
2024-03-17,22.2,69.5,21.89,22.9,10.64,0.4,23.32,0.69,27.51,80.16,1.66,214.43,0,0,101.36,-0.06,69.50
2024-03-18,30.42,87.78,26.97,30.91,8.99,0.48,17.43,0.88,27.44,79.28,2.07,232.89,0,0,91.08,-0.06,87.78
2024-03-19,36.58,102.62,18.59,21.59,11.2,0.46,24.59,0.67,27.5,79.59,1.85,185.43,0,0,91.17,-0.06,101.75
2024-03-20,40.5,100.81,28.85,40.7,9.19,0.6,27.52,1.66,27.46,81.89,1.61,204.19,0.04,3,41.24,-0.06,100.54
2024-03-21,38.32,93.89,43.21,39.71,9.26,0.59,20.2,2.26,27.38,81.33,1.55,233.46,0,0,105.17,-0.06,93.89
2024-03-22,37.5,101.28,30.43,37.63,9.92,0.53,16.72,1.27,27.72,80.45,2.22,237.95,0,0,107.31,-0.06,100.85
2024-03-23,30.51,84.84,26.5,33.92,9.31,0.5,10.51,0.83,27.32,80.69,2.58,236.2,0,0,112.35,-0.06,84.84
2024-03-24,33.42,103.64,28.53,33.43,9.89,0.52,12.85,0.9,27.31,81.22,2.44,231.28,0,0,104.59,-0.06,102.43
2024-03-25,41.42,114.4,27.32,36.08,10.46,0.58,10.13,1.25,27.29,74.34,2.18,240.37,0,0,113.36,-0.06,109.60
2024-03-26,42.24,127.15,29.51,38.21,10.26,0.62,12.43,1.16,27.42,74.17,2.15,234.13,0,0,108.39,-0.06,118.10
2024-03-27,35.13,101.41,32.92,33.09,9.9,0.57,35.08,1.08,27.58,80.29,2.6,233.48,0,0,118.86,-0.06,100.94
2024-03-28,27.14,86.49,36.56,33.68,8.99,0.54,37.35,1.44,27.64,76,2.36,247.42,0,0,117.22,-0.06,86.49
2024-03-29,33.42,122.23,36.27,34.11,9.82,0.59,38.27,1.15,27.9,75.96,2.41,251.08,0,0,117.27,-0.06,114.82
2024-03-30,26.17,106.47,37.96,34.43,9.41,0.57,42.93,1.36,27.63,73.04,2.55,249.96,0,0,120.56,-0.06,104.31
2024-03-31,24.33,90.15,38.5,34.04,9.92,0.39,49.94,0.99,28.79,72.08,2.71,251.47,0,0,115.37,-0.06,90.15
2024-04-01,29.59,99.99,35.49,33.38,10.22,0.6,35.79,1.12,27.58,70.84,2.44,245.89,0,0,109.91,-0.06,99.99
2024-04-02,29.67,106.9,41.86,31.72,10.52,0.52,9.01,1.2,27.59,76.14,2.72,247.36,0,0,127.66,-0.06,104.60
2024-04-03,33.8,123.01,41.31,30.71,11.05,0.62,8.84,1.18,27.7,78.83,2.55,253.06,0,0,110.59,-0.06,115.34
2024-04-04,26.05,109.74,41.72,31.22,9.7,0.59,9.3,1.2,27.56,78.12,2.58,258.25,0,0,108.53,-0.06,106.49
2024-04-05,30.44,117.27,33.62,31.6,11.68,0.6,9.63,1.07,28.62,76.97,2.16,257.27,0,0,99.04,-0.06,111.51
2024-04-06,31.91,109.76,35.11,31.47,9.93,0.55,10.02,1.08,27.87,77.21,2.25,242.48,0,0,99.97,-0.06,106.51
2024-04-07,32.08,100.96,34.54,32.17,11.09,0.48,10.07,0.84,28.24,73.86,2.38,250.17,0,0,108.62,-0.06,100.64
2024-04-08,43.17,96.14,15.49,16.96,11.82,0.45,24.5,0.34,27.77,75.31,2.66,128.48,0,0,96.01,-0.06,96.14
2024-04-09,48.48,139.21,17.69,49.42,11.35,0.95,36.09,1.85,27.46,67.74,1.31,194.35,0,0,133.26,-0.06,126.14
2024-04-10,50.38,144.2,24.62,45.34,13.58,0.71,25.41,0.71,27.43,62.86,1.22,213.63,0,0,120.86,-0.06,129.47
2024-04-11,49.16,120.41,15.75,24.95,15.04,0.62,55.73,1.14,28.02,64.91,2.02,137.55,0,0,135.1,-0.06,113.61
2024-04-12,36.14,79.72,10.02,15.37,9.76,0.47,31.79,0.48,28.11,69.05,1.49,163.38,0,0,130.92,-0.06,79.72
2024-04-13,47.22,112.81,13.26,33.66,10,0.65,23.07,0.88,27.76,71.21,1.38,193.16,0,0,139.4,-0.06,108.54
2024-04-14,50.47,130.64,24.2,42.5,11.65,0.73,17.05,1.37,27.57,69.79,1.47,222.04,0,0,118.01,-0.06,120.43
2024-04-15,47.25,122.04,25.96,34.37,9.84,0.59,22.42,1.41,27.94,72.08,2.38,226.55,0,0,139.33,-0.06,114.69
2024-04-16,40.02,115.8,26.21,34.62,10.65,0.63,14.54,1.09,28.46,66.18,2.26,247.21,0,0,123.67,-0.06,110.53
2024-04-17,41.63,125.86,17.58,40.77,10.3,0.62,10.16,0.97,29.14,66.8,2.24,242.89,0,0,119.36,-0.06,117.24
2024-04-18,37.55,110.66,8.91,41.78,10.58,0.54,10.51,1.05,28.63,75.48,2.52,245.69,0,0,123.65,-0.06,107.11
2024-04-19,34.22,100.85,2.3,41.35,10.32,0.56,10.79,0.93,28.47,79.03,2.65,245.99,0,0,122.44,-0.06,100.57
2024-04-20,25.64,93.13,2.22,39.93,9.67,0.57,10.29,0.95,28.18,80.08,2.8,246.39,0,0,102.59,-0.06,93.13
2024-04-21,29.86,98.74,2.19,41.35,10.71,0.52,13.02,0.66,28.13,80.95,2.62,243.81,0,0,113.26,-0.06,98.74
2024-04-22,34.81,102.1,2.13,40.93,10.87,0.62,13.64,0.98,28.02,77.53,2.12,237.84,0,0,110.98,-0.06,101.40
2024-04-23,47.13,115.73,2.32,40.15,10.37,0.59,12.2,0.92,28.28,71.9,1.84,228.26,0,0,129.66,-0.06,110.49
2024-04-24,45.3,131.57,1.94,43.9,11.09,0.71,12.57,1.07,28.05,72.01,2.02,238.59,0,0,124.32,-0.06,121.05
2024-04-25,31.74,108.2,2.12,37.98,10.91,0.5,13.63,0.77,28.17,77.6,2.16,241.17,0,0,115.26,-0.06,105.47
2024-04-26,26.98,96.69,2.41,43.47,11.51,0.5,13.55,0.78,29.11,78.84,2.47,246.65,0,0,119.51,-0.06,96.69
2024-04-27,38.63,122.67,2.13,41.29,9.96,0.46,21.18,0.71,28.94,79.21,2.43,248.56,0,0,120.07,-0.06,115.11
2024-04-28,37.15,113.11,2.27,42.28,10.35,0.53,85.69,0.8,28.97,77.61,2.55,246.89,0,0,114.51,-0.06,108.74
2024-04-29,26.67,111.51,2.69,43.46,10.46,0.45,14.11,0.68,29.24,74.8,2.46,252.66,0,0,128.12,-0.06,107.67
2024-04-30,27.52,111.73,2.24,41.66,10.11,0.54,14.02,0.82,29.75,71.89,2.53,255.83,0,0,119.22,-0.06,107.82
2024-05-01,26.98,127.06,2.09,37.15,10.16,0.38,14.07,0.57,29.52,73.01,3.07,253.25,0,0,131.65,-0.06,118.04
2024-05-02,23.1,109.11,1.41,23.94,9.96,0.5,14.89,0.77,29.44,78.64,3.31,248.85,0,0,121.37,-0.06,106.07
2024-05-03,29.29,114.45,1.22,23.11,10.16,0.61,17.54,0.91,29.28,78.7,2.92,253.28,0,0,122.98,-0.06,109.63
2024-05-04,23.75,83.27,1.07,20.72,10.32,0.39,16.29,0.59,28.93,79.86,3.24,242.02,0,0,126.03,-0.06,83.27
2024-05-05,23.23,86.58,1.98,27.1,10.27,0.59,56.05,0.91,28.91,80.03,3.53,240.55,0,0,114.29,-0.06,86.58
2024-05-06,21.23,94.83,1.9,28.92,8.56,0.38,17.33,0.59,29.23,79.84,3.17,243.77,0.01,0.5,113.27,-0.06,94.83
2024-05-07,24.05,83.47,2.03,35.3,9.84,0.63,11.5,0.96,28.77,73.45,1.83,261.1,0.17,14.5,48.37,-0.06,83.47
2024-05-08,33.19,116.47,2.31,40.55,10.9,0.66,11.33,1.02,28.96,73.48,1.84,225.75,0,0,127.98,-0.06,110.98
2024-05-09,18.4,62.76,4.52,25.44,10.47,0.44,13.75,0.66,28.93,81.86,2.02,225.73,0.02,2,120.54,-0.06,62.76
2024-05-10,22.07,76.85,11.45,33.49,10.19,0.53,11.02,0.8,28.38,79.42,1.82,236.78,0,0,126.25,-0.06,76.85
2024-05-11,23.45,67.96,16.06,38.47,10.26,0.43,11.6,0.65,27.97,77.7,2.26,237.26,0,0,139.76,-0.06,67.96
2024-05-12,22.77,68.39,11.41,23.03,10.51,0.47,22.95,0.71,27.91,80.55,1.82,223.26,0,0,109.45,-0.06,68.39
2024-05-13,26.2,66.89,6.08,24.36,10.14,0.37,12.72,0.46,28.5,80.12,2.03,204.6,0.28,25,127.56,-0.06,66.89
2024-05-14,40.38,111.94,11.08,32.52,12.82,0.32,26.08,0.96,28.21,77.82,1.53,178.7,0,0,134.2,-0.06,107.96
2024-05-15,21.97,56.05,6.06,12.08,8.43,0.23,33.83,0.23,28.4,77.09,1.79,170.06,0,0,128.07,-0.06,56.05
2024-05-16,21.66,50.4,14.34,27.47,10.41,0.37,22.8,0.68,27.52,84.01,1.2,226.63,0.05,5,54.16,-0.06,50.40
2024-05-17,16.08,53.01,13.53,27.81,8.99,0.26,51.39,0.5,27.94,78.43,1.71,231.24,0,0,116.98,-0.06,53.01
2024-05-18,11.87,49.52,12.12,24.81,9.19,0.34,12.13,0.46,28.26,80.31,2.02,228.34,0,0,138.42,-0.06,49.52
2024-05-19,13.21,57.69,16.16,27.27,10.07,0.31,26.85,0.41,28.27,79.08,2.27,237.76,0,0,132.97,-0.06,57.69
2024-05-20,13.56,54.15,10.89,24.48,9.71,0.33,16.65,0.37,28.52,79.21,2.19,228.71,0,0,114.61,-0.06,54.15
2024-05-21,11.43,39.14,5.45,15.47,9.45,0.13,15.53,0.25,28.55,79.26,1.78,204.35,0,0,127.29,-0.06,39.14
2024-05-22,6.02,28.28,3.23,7.33,7.47,0.2,15.26,0.16,29.01,77.44,1.76,166.55,0,0,149.91,-0.06,28.28
2024-05-23,7,28.82,5.19,9.55,9.5,0.22,15.72,0.27,29.32,75.27,1.93,169.24,0,0,140.41,-0.06,28.82
2024-05-24,19.38,67.89,7.61,23.06,10.51,0.37,14.78,0.46,28.66,75.72,1.68,228.91,0,0,104.57,-0.06,67.89
2024-05-25,47.2,148.59,16.49,45.44,12.78,0.66,11.26,1.54,28.02,78.32,1.4,276.95,0,0,31.49,-0.06,132.39
2024-05-26,61.91,159.54,10.08,42.94,10.23,0.73,44.56,1.05,28.52,75.31,2.01,272.92,0,0,67.24,-0.06,139.69
2024-05-27,50.15,177.78,7.98,40.71,11.62,0.64,16.97,0.91,29.17,75.82,2.33,247.01,0,0,88.44,-0.06,151.85
2024-05-28,46.93,176.36,7.06,36.5,10.73,0.67,29.25,0.76,29.37,76.29,2.49,244.86,0,0,110.52,-0.06,150.91
2024-05-29,45.39,158.78,10.15,42.92,13.34,0.68,25.56,0.83,30.07,75.14,2.56,241.82,0,0,131.48,-0.06,139.19
2024-05-30,35.7,135.28,5.95,35.58,11.35,0.57,21.8,0.56,30.04,77.59,2.72,231.53,0,0,129.23,-0.06,123.52
2024-05-31,32.07,98.77,6.26,30.68,11.6,0.44,24.52,0.38,30.43,81.58,2.87,216.23,0,0,136.65,-0.06,98.77
2024-06-01,33.73,88.36,7.31,34.28,8.67,0.51,78.53,0.6,29.63,80.15,2.62,240.08,0.17,14.5,111.69,-0.06,88.36
2024-06-02,39.71,76.85,4.57,22.86,7.92,0.3,56.15,0.4,27.56,82.96,2.21,248.4,0.3,14.5,48.92,-0.06,76.85
2024-06-03,88,88.06,4.2,27.77,9.63,0.51,11.89,0,27.47,71.11,1.96,217.76,0,0,116.04,-0.06,193.33
2024-06-04,32.03,119.09,4.29,26.33,12.03,0.59,11.17,0,27.94,69.26,2.04,250.34,0,0,117.84,-0.06,112.73
2024-06-05,31.3,116.2,6.96,22.15,9.44,0.5,11.47,0,28.19,72.08,2.25,260.93,0.03,2.5,84.88,-0.06,110.80
2024-06-06,25.45,92.9,6.73,4.23,11.44,0.46,11.04,0,28.21,74.78,2.04,248.97,0,0,136.7,-0.06,92.90
2024-06-07,22.41,80.85,4.73,5.46,11.96,0.39,11.06,0,27.96,73.72,2.64,242.75,0,0,148.86,-0.06,80.85
2024-06-08,25.76,94.53,7.11,23.93,10.88,0.57,10.92,0.28,28.23,74.9,2.62,248.27,0.01,0.5,102.51,-0.06,94.53
2024-06-09,26.42,97.15,19.02,53.05,8.14,0.44,12.38,0.64,31.97,75.66,2.63,245.4,0,0,149.86,-0.06,97.15
2024-06-10,27.07,99.51,11.73,30.83,7.21,0.71,15.53,1.05,41.57,76.6,2.62,240.13,0,0,150.54,-0.06,99.51
2024-06-11,31.91,118.57,11.06,50.06,8.07,0.61,11.56,0.93,27.73,76.43,1.95,248.8,0,0,111.46,-0.06,112.38
2024-06-12,38.41,144.41,17.16,58.12,7.1,0.69,12.07,1.06,26.86,75.77,1.54,252.73,0,0,42.8,-0.06,129.61
2024-06-13,35.92,134.53,13.59,51.34,7.25,0.72,13.95,1.09,26.91,72.29,1.59,248.51,0,0,48.65,-0.06,123.02
2024-06-14,30.75,114.09,8.47,41.12,7.53,0.5,14.48,0.76,27.29,71.32,1.93,240.59,0,0,129.49,-0.06,109.39
2024-06-15,35.87,134.23,12.12,49.92,8.83,0.69,19.68,1.05,27.75,74.66,2.11,239.48,0.08,7,129.21,-0.06,122.82
2024-06-16,29.26,108.04,6.29,34.17,7.91,0.49,22.76,0.77,28.21,74.79,1.64,207.29,0,0,163.46,-0.06,105.36
2024-06-17,32.5,121.5,7.7,36.23,7.83,0.42,16.94,0.66,28.8,76.09,2.23,201.86,0,0,181.89,-0.06,114.33
2024-06-18,31.85,118.59,11.48,44.36,8.61,0.4,12.55,0.61,28.21,74.64,2.28,244.38,0,0,123.53,-0.06,112.39
2024-06-19,31.83,118.43,9.9,44.56,8.98,0.49,12.82,0.76,27.88,75.53,2.48,252.92,0,0,125.14,-0.06,112.29
2024-06-20,31.49,116.96,10.05,44.36,8.3,0.36,13.51,0.54,28.44,75.3,2.07,249.08,0,0,125.91,-0.06,111.31
2024-06-21,29.88,110.93,10.19,41.95,8.21,0.41,18.87,0.63,27.91,77.77,1.74,236.74,0.01,1,71.4,-0.06,107.29
2024-06-22,24.03,87.27,10.64,40.26,7.56,0.49,11.64,0.74,27.8,73.34,2.27,239.34,0.01,0.5,143.09,-0.06,87.27
2024-06-23,25.64,93.74,10.35,42.66,9.21,0.42,11.92,0.62,27.52,74.32,1.92,258.71,0,0,73.52,-0.06,93.74
2024-06-24,25.02,91.64,60.21,58.5,7.12,0.36,20.35,0.54,27.95,71.06,2.47,241.77,0.01,0.5,134.98,-0.06,91.64
2024-06-25,23.05,83.63,16.25,51.77,9.32,0.39,11.23,0.59,28.05,74.73,2.1,250.58,0,0,135.79,-0.06,83.63
2024-06-26,25.94,95.33,13.45,40.22,7.11,0.49,18.13,0.75,27.58,70.85,1.59,249.73,0,0,60.99,-0.06,95.33
2024-06-27,18.32,64.93,18.66,40.85,7.06,0.43,10.96,0.65,27.56,62.47,1.5,270.6,0,0,43.61,-0.06,64.93
2024-06-28,26.52,97.48,21.67,45.44,6.67,0.42,11.76,0.65,27.57,71.73,1.96,270.81,0,0,68.89,-0.06,97.48
2024-06-29,33.15,116.66,20.37,47.04,7.77,0.47,11.93,0.71,27.62,77.28,1.84,268.38,0,0,51.3,-0.06,111.11
2024-06-30,23.29,90.45,16.78,40.19,7.15,0.34,11.35,0.52,27.22,76.89,2.23,269.69,0,0,74.71,-0.06,90.45
2024-07-01,34.85,94.34,19.37,42.14,7.24,0.57,11.48,0.89,27.44,68.47,2.29,273.37,0,0,38.23,-0.06,94.34
2024-07-02,34.2,126.92,15.63,43.35,9.39,0.43,13.4,0.66,27.52,75.33,2.28,257.09,0,0,73.39,-0.06,117.95
2024-07-03,30.07,103.08,16.77,45.61,7.73,0.51,12.3,0.8,27.88,73.65,2.23,269.83,0,0,100.96,-0.06,102.05
2024-07-04,40.24,138.12,14.43,44.46,8.2,0.52,12.34,0.79,27.89,75.9,2.03,255.87,0,0,87.1,-0.06,125.41
2024-07-05,37.3,124.84,14.16,43.15,8.48,0.45,12.53,0.69,28.18,74.83,2.24,257.32,0,0,137.92,-0.06,116.56
2024-07-06,34.2,111.63,18.16,43.63,8.58,0.38,11.94,0.58,27.84,76.9,1.94,268.51,0,0,74.44,-0.06,107.75
2024-07-07,37.01,102.67,14.63,42.93,7.32,0.43,12.43,0.66,27.53,74.08,1.48,275.25,0,0,56.52,-0.06,101.78
2024-07-08,36.64,109.34,12.94,35.33,7.65,0.31,12.93,0.47,29.91,68.7,1.32,218.19,0,0,48.93,-0.06,106.23
2024-07-09,30.16,83.14,24.61,43.37,8.55,0.47,16.21,0.72,33.68,72.65,1.94,255.15,0,0,65.81,-0.06,83.14
2024-07-10,31.78,102.51,18.05,44.53,6.53,0.46,15.29,0.71,32.72,71.4,2.09,251.04,0,0,73.58,-0.06,101.67
2024-07-11,39.69,123.72,9.95,40.96,6.86,0.37,14.2,0.53,28.67,72.48,2.08,261.54,0,0,102.2,-0.06,115.81
2024-07-12,31.14,122.28,15.62,46.17,7.27,0.35,13.48,0.53,29.34,73.77,2.44,260.42,0,0,121.62,-0.06,114.85
2024-07-13,22.89,71.82,16.86,39.28,6.6,0.28,13.57,0.43,28,75.84,2.93,275.03,0,0,89.97,-0.06,71.82
2024-07-14,17.82,66.02,16.94,38.13,8.22,0.26,19.12,0.4,27.86,76.87,2.45,274.58,0,0,52.52,-0.06,66.02
2024-07-15,27.52,80.41,22.41,42.25,7.26,0.31,14.31,0.48,28.39,65.97,1.95,269.02,0.01,0.5,69.07,-0.06,80.41
2024-07-16,36.73,111.18,21.56,44.55,7.49,0.46,13.63,0.7,28.36,68.49,1.86,267.7,0,0,61.12,-0.06,107.45
2024-07-17,26.06,65.1,19.27,44.36,6.61,0.36,14.17,0.54,28.42,71.76,1.82,276.17,0.01,0.5,62.16,-0.06,65.10
2024-07-18,27.6,63.15,19.72,37.69,6.3,0.43,13.82,0.7,28.39,64.43,1.56,266.89,0,0,20.32,-0.06,63.15
2024-07-19,16.36,38.8,20.36,31.92,5.77,0.16,13.32,0.24,28.04,38.16,2.76,282.97,0,0,23.69,-0.06,39.90
2024-07-20,17.32,49.27,19.82,32.08,6.07,0.31,13.58,0.47,27.92,43.92,2.46,256.97,0.01,0.5,44.47,-0.06,49.27
2024-07-21,19.83,56.24,12.74,28.98,5.25,0.21,13.97,0.3,27.71,55.95,3.27,217.37,0.01,0.5,45.68,-0.06,56.24
2024-07-22,17.93,57.31,16.05,30.93,6.83,0.31,13.97,0.47,27.79,56.08,2.69,243.16,0,0,25.02,-0.06,57.31
2024-07-23,28.31,95.65,22.24,34.17,7.19,0.46,13.87,0.7,27.85,59.62,1.99,250.48,0.01,0.5,67.82,-0.06,95.65
2024-07-24,23.04,74.62,23.38,33.91,7.24,0.35,13.96,0.54,28.06,63.13,2.51,239.25,0,0,66.14,-0.06,74.62
2024-07-25,22.06,79.46,18.95,31.89,8.04,0.27,14.14,0.41,28.37,69.95,2.83,275.67,0,0,80.76,-0.06,79.46
2024-07-26,22.38,74.9,19.3,33.95,9.24,0.42,14.31,0.65,27.95,72.24,1.99,300.86,0,0,70.42,-0.06,74.90
2024-07-27,29.07,91.15,25.12,42.88,8.16,0.39,14.17,0.6,27.94,67.35,1.8,305.9,0,0,66.6,-0.06,91.15
2024-07-28,37.17,129.02,22.63,45.39,8.94,0.32,13.69,0.48,27.94,71.61,1.8,278.46,0,0,88.13,-0.06,119.35
2024-07-29,33.74,119.01,17.94,44.15,8.18,0.45,13.74,0.72,28.71,71.61,2.05,243.85,0,0,124.16,-0.06,112.67
2024-07-30,31.66,110.71,19.43,47.86,7.31,0.43,13.61,0.97,28.64,71.28,2.08,235.94,0,0,88.15,-0.06,107.14
2024-07-31,30.93,113.64,16.14,39.33,7.43,0.36,13.59,0.82,29.44,69.1,2.29,252.72,0,0,128.98,-0.06,109.09
2024-08-01,28.92,103.93,19.13,34.93,7.71,0.34,13.38,0.77,29.42,70.77,2.61,253.26,0,0,101.28,-0.06,102.62
2024-08-02,28.03,104.56,26.42,39.29,8.16,0.45,13.2,1.02,28.82,72.36,2.47,246.8,0,0,80.29,-0.06,103.04
2024-08-03,27.26,91.73,21.87,37.17,6.7,0.37,13.39,0.89,28.35,71.77,2.17,239.1,0,0,105.7,-0.06,91.73
2024-08-04,29.18,103.57,17.48,37.66,8.2,0.38,13.78,0.87,28.01,72.21,2.32,223.39,0,0,106.03,-0.06,102.38
2024-08-05,32.32,121.52,18.85,38.1,7.16,0.31,10.76,2.94,27.36,68.29,2.24,252.91,0,0,118.51,-0.06,114.35
2024-08-06,26.15,92.35,23.48,33.53,7.25,0.31,11.33,0.91,27.33,70.3,1.93,256.94,0,0,49.9,-0.06,92.35
2024-08-07,22.85,84.8,26.66,30.45,7.49,0.41,10.8,0.48,28.24,72.18,1.94,253.28,0,0,66.83,-0.06,84.80
2024-08-08,24.33,91.37,24.77,32.99,6.69,0.37,10.35,0.11,28.03,71.01,2.29,250.47,0,0,87.7,-0.06,91.37
2024-08-09,37.02,124.79,21.14,37.81,7.89,0.43,10.93,0.13,28.66,70.51,1.84,248.01,0,0,101.28,-0.06,116.53
2024-08-10,40.45,124.37,19.57,37.67,7.01,0.27,11.14,0.52,29.68,68.89,1.92,244.36,0,0,106.5,-0.06,116.25
2024-08-11,40.16,114.41,16.51,38.53,6.82,0.4,11.01,0,28.83,65,2.17,237.22,0.01,1,109.51,-0.06,109.61
2024-08-12,35.94,99.84,12.52,35.1,7.94,0.36,11.1,0.13,28.86,64.36,2.28,204.63,0.02,1.5,81.24,-0.06,99.84
2024-08-13,27.28,91.86,15.97,37.65,5.52,0.33,11.08,0.14,28.93,64.31,2.33,220.85,0,0,107.76,-0.06,91.86
2024-08-14,25.9,89.27,26.19,34.6,6.48,0.33,10.85,0.78,28.52,65.26,1.85,227.66,0,0,53.25,-0.06,89.27
2024-08-15,16.07,65.33,28.24,30.89,7.27,0.33,10.76,0.03,28.88,65.8,2.31,228.01,0,0,110.48,-0.06,65.33
2024-08-16,19.22,81.99,30.06,31.81,8.13,0.41,11.04,0.67,28.38,67.15,2.28,228.89,0.01,0.5,74.14,-0.06,81.99
2024-08-17,18.86,84.89,31.07,34.36,7.86,0.51,11,0.11,28.42,66.85,1.96,225.48,0.04,3.5,76.69,-0.06,84.89
2024-08-18,17.13,71.81,31.95,34.03,8.64,0.42,10.84,0,28.54,63.64,2.19,225.27,0,0,113.59,-0.06,71.81
2024-08-19,20.24,69.73,32.72,32.7,6.57,0.5,10.96,0.19,28.66,63.84,1.92,235.13,0,0,83.3,-0.06,69.73
2024-08-20,13.37,57.82,23.06,31.74,7.43,0.29,11.07,0.73,29.65,65.43,2.48,226.38,0,0,131.46,-0.06,57.82
2024-08-21,14,60.32,19.53,29.83,5.99,0.33,11.83,0.03,29.53,62.62,2.76,220.6,0,0,144.76,-0.06,60.32
2024-08-22,26.65,83.37,33.42,32.58,8.35,0.42,10.77,0,28.48,50.3,2.03,250.02,0,0,36.04,-0.06,83.37
2024-08-23,29.51,87.29,28.72,35.7,7.08,0.35,10.57,0,28.04,59.73,1.99,263.42,0,0,69.67,-0.06,87.29
2024-08-24,27.11,84.8,23.91,35.94,7.68,0.41,10.91,0,27.64,53.99,2.3,248.56,0,0,47.28,-0.06,84.80
2024-08-25,24.42,100.64,23,35.45,6.77,0.37,10.6,0,28.13,63.45,2.59,231.55,0,0,101.62,-0.06,100.43
2024-08-26,22.03,85.56,25.16,36.8,8.27,0.49,10.83,0.01,27.9,50.31,1.46,270.26,0,0,58.22,-0.06,85.56
2024-08-27,45.3,128.25,27.85,42.07,6.43,0.28,11.03,0.03,27.79,61.37,1.34,266.48,0,0,119.57,-0.06,118.83
2024-08-28,37.07,100.12,21.88,37.21,8.95,0.41,11.35,0.8,27.16,61.88,0.96,218.3,0,0,76.57,-0.06,100.08
2024-08-29,26.94,71.03,34.29,41.66,8.51,0.59,11.36,0.32,26.86,28.06,0.46,257.75,0,0,25.92,-0.06,71.03
2024-08-30,20.94,54.3,30.49,30.84,6.59,0.4,11.29,0.18,26.9,38.26,0.44,277.4,0,0,27.11,-0.06,54.30
2024-08-31,13.02,31.48,14.25,29.59,7.4,0.22,11.24,0.01,28.15,40.24,1.12,233.79,0,0,42,-0.06,36.99
2024-09-01,17.57,44.46,12,30.31,5.97,0.24,11.01,0,27.87,38.01,1.18,189.71,0,0,74.53,-0.06,44.46
2024-09-02,36.11,97.24,16.05,33.83,8.07,0.34,11.12,0,27.87,54.88,0.84,206.62,0,0,103.36,-0.06,97.24
2024-09-03,34.18,91.95,17.16,33.26,8.75,0.35,11.92,0,27.6,55.41,0.71,226.93,0,0,98.78,-0.06,91.95
2024-09-04,47.55,82.37,11.41,26.73,6.72,0.41,13.34,0,27.87,49.89,0.42,208.99,0,0,74.97,-0.06,82.37
2024-09-05,51.11,89.08,35.59,29.82,6.89,0.77,14.64,1.85,28.16,46.03,0.67,239.5,0,0,120.5,-0.06,89.08
2024-09-06,59.79,116.79,30.44,29.27,7.02,0.83,15.64,7.07,28.5,47.93,0.62,226.61,0.32,29,124.39,-0.06,111.19
2024-09-07,53.68,84.86,22.39,29.88,5.62,0.83,15.36,0.87,27.49,43.52,0.37,265.7,0.25,22.5,41.62,-0.06,89.47
2024-09-08,39.42,45.93,18.56,26.88,9.07,0.27,15.45,2.21,27.26,15.76,1.94,271.89,1.01,88,13.06,-0.06,65.70
2024-09-09,38.95,59.83,21.87,28.65,6.98,0.49,15.37,2.87,27.61,27.34,1.69,253.69,0.09,8,60.99,-0.06,64.92
2024-09-10,44.31,102.06,14.32,28.86,6.92,0.46,15.27,1.4,28.2,55.37,1.64,231.91,0,0,110.55,-0.06,101.37
2024-09-11,42.77,102.13,25.85,32.59,7.76,0.56,18.55,1.22,35.82,59.61,1.23,234.59,0,0,128.45,-0.06,101.42
2024-09-12,45.91,106.87,21.45,28.88,9.87,0.49,16.47,0.41,33.64,60.96,0.85,254.81,0,0,120.53,-0.06,104.58
2024-09-13,48.97,96.26,16.21,30.57,7.59,0.65,15.86,1.47,26.9,62.38,0.64,261.08,0.03,2.5,108.31,-0.06,96.26
2024-09-14,51.4,114.25,13.22,31.52,7.12,0.49,15.65,1.11,27.47,64.27,0.53,263.48,0,0,116.24,-0.06,109.50
2024-09-15,46.96,110.55,10.83,27.69,7.2,0.34,15.91,0.78,27.09,69.49,0.81,247.07,0,0,110.84,-0.06,107.03
2024-09-16,47.31,108.3,14.43,31.53,5.54,0.38,15.75,0.87,27.4,71.79,0.72,261.83,0,0,127.62,-0.06,105.53
2024-09-17,48,99.17,8.5,29.51,6.91,0.42,15.77,0.94,26.73,73.28,0.55,238.52,0,0,98.81,-0.06,99.17
2024-09-18,62.06,147.78,7.79,32.41,6.23,0.48,18.56,1.1,27.73,71.56,0.62,220.2,0,0,138.35,-0.06,131.85
2024-09-19,78.5,198.07,9.81,34.54,6.07,0.56,15.89,1.24,27.37,58.67,0.34,214.05,0,0,98,-0.06,165.38
2024-09-20,55.06,106.13,9.49,29.73,8.25,0.57,18.98,1.29,28.53,65.09,0.49,191.46,0,0,173.48,-0.06,104.09
2024-09-21,53.68,131.21,12.05,29,7.3,0.43,17.43,0.97,27.25,64.75,0.52,243.14,0,0,118.25,-0.06,120.81
2024-09-22,46.09,104.54,10.46,24.29,5.89,0.4,21.94,0.9,26.82,68.88,0.52,222.12,0,0,118.91,-0.06,103.03
2024-09-23,39.94,78.42,8.76,23.48,6.98,0.42,16.59,1.15,26.57,62.11,0.32,224.49,0.01,0.5,40.88,-0.06,78.42
2024-09-24,43.11,81.62,11.81,22.83,5.87,0.47,16.46,0.96,27.16,61.93,0.38,223.13,0,0,74.36,-0.06,81.62
2024-09-25,41.1,75.17,14.98,34.89,6.74,0.7,15.09,1.71,26.96,52.69,0.38,248.24,0.02,2,34.78,-0.06,75.17
2024-09-26,46.14,72.14,23.66,38.51,6.02,0.79,15.13,3.27,27.23,31.45,0.34,254.01,0.64,58,22.16,-0.06,76.90
2024-09-27,44.66,75.25,38.34,35.95,7.28,0.95,14.99,4.01,27.11,27.74,0.38,258.92,0.39,34,62.02,-0.06,75.25
2024-09-28,36.38,70.65,16.55,29.51,7.04,0.44,15.2,2.81,26.99,40.2,0.65,227.84,0,0,95.32,-0.06,70.65
2024-09-29,32.66,78.49,15.76,26.42,7.73,0.32,15.21,0.88,27.14,45.91,0.82,225.84,0,0,138.01,-0.06,78.49
2024-09-30,31.53,82.59,21.48,24.67,7.75,0.46,14.97,1.02,27.6,48.55,0.63,232.98,0,0,114.06,-0.06,82.59
2024-10-01,33.9,80.36,26.17,32.88,7.63,0.47,15.57,0.9,27.89,48.67,0.57,230.1,0,0,129.82,-0.06,80.36
2024-10-02,40.26,90.89,24.01,43.58,7.06,0.74,15.61,0.81,27.36,49.36,0.44,242.07,0,0,87.99,-0.06,90.89
2024-10-03,47.9,108.3,19.07,47.86,7.44,0.69,15.54,0.71,28.02,54.7,0.45,211.68,0,0,152.96,-0.06,105.53
2024-10-04,59.57,163.03,21.45,55.49,8.14,1.08,25.81,1.13,37.32,63.24,0.41,194.41,0,0,181,-0.06,142.02
2024-10-05,72.43,182.12,25.84,63.22,8.33,1.04,37.38,2.03,29.18,56.14,0.38,221.23,0,0,96.14,-0.06,154.75
2024-10-06,75.41,211.22,41.07,54.06,7.84,1,108.94,2.99,27.34,56.58,0.39,205.84,0,0,103.44,-0.06,174.15
2024-10-07,57.77,145.26,16.56,36.59,6.28,0.68,107.45,1.69,27.37,55.51,0.5,188.23,0,0,108.91,-0.06,130.17
2024-10-08,36.49,73.38,8.95,25.98,7.31,0.41,35.99,0.34,27.56,58.35,0.41,191.63,0,0,105.69,-0.06,73.38
2024-10-09,19.58,54.63,13.51,22.88,7.36,0.3,18.84,0.59,27.08,61.13,0.49,186.76,0,0,115.8,-0.06,54.63
2024-10-10,18.08,39.66,12.22,24.65,7.89,0.36,16.94,0.4,27.34,58.47,0.44,189.92,0.02,1.5,127.61,-0.06,39.66
2024-10-11,17.26,39.71,10.97,23.18,7.54,0.29,14.07,0.33,27.4,60.93,0.44,187.58,0,0,125.4,-0.06,39.71
2024-10-12,22.51,51.73,19.21,28.38,6.16,0.37,14.32,0.57,27.39,54.89,0.4,209.58,0.01,0.5,127.99,-0.06,51.73
2024-10-13,19.25,51.4,14.36,27.01,6.29,0.28,33.2,0.71,27.01,58.46,0.67,220.05,0,0,121.61,-0.06,51.40
2024-10-14,18.85,38.64,11.09,32.13,7.34,0.44,16.88,0.35,27.21,54.95,0.5,212.48,0.3,18,70.08,-0.06,40.16
2024-10-15,17.25,31.87,9.2,27.94,7.18,0.48,12.04,0.4,27.39,53.67,0.41,216.69,0.13,9,42.7,-0.06,34.93
2024-10-16,18.43,34.39,10.74,33.92,7.48,0.5,8.72,0.46,27.55,49.96,0.63,219.11,0.12,11,94.53,-0.06,42.40
2024-10-17,20.4,32.02,25.59,38.79,6.07,0.69,12.94,1.24,27.48,34.27,0.37,247.86,0.54,49,48.96,-0.06,48.49
2024-10-18,15.46,32.96,16.46,30.42,7.93,0.47,19.97,0.71,27.13,42.49,0.48,214.43,0,0,119.26,-0.06,38.03
2024-10-19,14.48,37.55,23.1,28.91,8.08,0.61,31.65,0.83,27.73,49.56,0.63,226.79,0,0,135.27,-0.06,37.55
2024-10-20,21.88,60.59,33.45,31.39,7.65,0.53,18.29,1.39,27.66,45.49,0.54,228.75,0.01,1,111.47,-0.06,60.59
2024-10-21,42.8,86.98,11,38.56,7.29,0.69,18.15,0.71,27.5,59.02,0.57,223.6,0,0,119.45,-0.06,86.98
2024-10-22,85.63,204.47,23.24,63.25,5.8,0.98,8.13,2.22,27.43,59.77,0.44,229.1,0,0,100.48,-0.06,185.43
2024-10-23,78,220.2,23.5,73.2,6.57,1.1,8.62,2.95,27.64,63.27,0.44,277.86,0,0,92.3,-0.06,180.13
2024-10-24,92.65,203.13,20.81,74.98,6.41,1.23,12.31,2.85,28.14,68.99,0.32,265.08,0,0,65.68,-0.06,208.83
2024-10-25,84.3,177.02,14.73,73.99,8.55,1.3,4.63,2.26,27.18,68.52,0.35,237.62,0,0,76.54,-0.06,181.00
2024-10-26,72.5,172.31,23.99,58.04,9.15,0.95,4.89,2.74,26.9,64.23,0.38,221.24,0.02,1.5,93.92,-0.06,148.21
2024-10-27,47.13,95.17,8.37,27.05,6.3,0.48,5.56,0.71,26.91,52.91,0.42,207.76,0,0,110.6,-0.06,95.17
2024-10-28,42.77,88.36,10.2,30.07,7.14,0.51,5.42,0.9,26.83,49.62,0.53,224.54,0,0,108.56,-0.06,88.36
2024-10-29,57.77,119.34,8.68,37.59,7.36,0.53,5.58,1.17,26.98,49.43,0.56,226.21,0.18,15.5,76.45,-0.06,112.89
2024-10-30,56.89,99.38,12.09,34.2,6.14,0.52,4.67,1.15,28.84,39.31,0.44,203.54,0.05,4,107.43,-0.06,99.38
2024-10-31,123.3,222.01,26.39,42.27,8.9,0.73,3.21,1.85,29.86,50.1,0.36,206.89,0,0,116.5,-0.06,302.54
2024-11-01,112.77,185.14,16.29,40.86,7.4,1.17,3.47,1.15,26.41,50.6,0.36,222.19,0,0,98.4,-0.06,275.90
2024-11-02,74.78,156.76,20.44,28.59,6.65,1.26,2.77,1.78,28.4,53.25,0.41,183.39,0,0,94.76,-0.06,149.27
2024-11-03,56.43,92.56,4.92,22.2,6.3,0.99,6.2,0.45,27.93,57.7,0.43,213.71,0,0,111.16,-0.06,94.05
2024-11-04,66.36,160.08,9.35,32.66,5.57,0.99,19.3,1.78,26.9,62.52,0.4,230.2,0,0,111.79,-0.06,140.05
2024-11-05,68.91,125.37,3.49,21.72,6.9,0.98,8.53,0.4,26.73,64.58,0.93,229.16,0,0,105.48,-0.06,129.70
2024-11-06,54.44,92.92,3.86,21.66,8.18,1,7.69,0.38,26.37,59.9,1.63,217.81,0,0,108.15,-0.06,92.92
2024-11-07,32.48,56.23,4.69,22.1,7.5,0.84,6.91,0.4,28.78,59.72,1.8,228.8,0,0,103.19,-0.06,56.23
2024-11-08,30.03,55.06,4.56,23.34,5.68,0.74,9.05,0.41,27.48,59.57,1.86,224.14,0,0,110.8,-0.06,55.06
2024-11-09,60.69,100.68,3.97,24.32,6.3,0.97,14.5,0.46,27.75,63.5,1.91,236.57,0,0,102.19,-0.06,102.30
2024-11-10,56.21,93.92,4.05,24.43,6.9,0.95,9.58,0.27,27.25,65.78,2.11,248.79,0,0,104.48,-0.06,93.92
2024-11-11,36.35,65.08,4,25.09,7.98,0.71,10.99,0.32,28.17,66.62,2.94,250.03,0,0,93.01,-0.06,65.08
2024-11-12,34.97,57.76,4.93,23.8,7.35,0.56,6.25,0.4,27.88,68.48,1.73,215.32,0,0,69.44,-0.06,58.28
2024-11-13,43.34,76.9,4.66,26.24,6.87,0.49,6.84,0.35,28.38,66.48,2.12,221.37,0,0,96.96,-0.06,76.90
2024-11-14,57.2,94.77,8.06,30.6,8.55,0.48,6.48,0.27,35.05,66.12,1.96,236.4,0,0,60.57,-0.06,95.33
2024-11-15,99.13,146.83,4.1,30.34,6.51,0.65,6.73,0.38,28.08,67.29,1.68,232.66,0,0,85.91,-0.06,230.43
2024-11-16,86.59,138.61,3.37,31.16,6.56,0.79,7.24,0.39,26.97,67.39,1.44,228.12,0,0,77.94,-0.06,188.63
2024-11-17,75.51,127,3.29,35.41,6.7,0.69,9.69,0.42,26.01,68.23,1.44,253.26,0,0,86.49,-0.06,151.70
2024-11-18,64.94,117.03,3.62,37.5,6.83,0.67,15.64,0.48,26.29,66.98,1.68,258.6,0,0,99.59,-0.06,116.47
2024-11-19,69.43,169.13,13.69,57.16,6.86,0.91,7.17,1.85,27.98,69.37,1.05,260.97,0,0,98.98,-0.06,146.09
2024-11-20,72.79,128.09,5.65,45.87,6.67,0.8,7.66,0.88,28.19,70.29,1.13,263.4,0,0,92.65,-0.06,142.63
2024-11-21,83.16,186.08,15.7,55.76,7.6,0.99,19.85,2.02,28.92,70.98,1.03,253.55,0,0,97.71,-0.06,177.20
2024-11-22,88.43,189.42,12.64,50.26,6.88,0.81,72.8,1.83,27.94,72.16,1.37,239.72,0,0,95.36,-0.06,194.77
2024-11-23,78.67,122.72,4.94,40.29,7.75,0.74,41.62,0.59,28.6,72.21,1.45,252.47,0,0,95.19,-0.06,162.23
2024-11-24,84.27,138.69,12.36,40.29,7.49,0.75,109.08,0.47,37.53,71.85,1.39,252.49,0,0,84.42,-0.06,180.90
2024-11-25,91.9,145.19,5.36,33.26,7.93,0.66,11.73,0.48,29.1,71.2,2.37,248.84,0,0,76.28,-0.06,206.33
2024-11-26,85.02,142.55,5,32.24,6.3,0.7,9.26,0.36,28.46,69.31,2.48,239.14,0,0,90.37,-0.06,183.40
2024-11-27,81.85,152.01,5.55,33.87,7.01,0.74,10,0.35,30.04,68.91,2.63,252.19,0,0,75.7,-0.06,172.83
2024-11-28,74.1,136.28,5.59,32.11,6.64,0.63,33.88,0.36,29.88,66.62,3.04,242.14,0,0,77.73,-0.06,147.00
2024-11-29,60.58,96.3,6.43,31.92,8.68,0.6,49.37,0.43,30.4,67.03,3.24,254.55,0.01,1,63.73,-0.06,101.93
2024-11-30,33.05,45.59,8.18,31.06,5.49,0.51,22.07,0.3,31.74,32.67,2.88,236.69,0.15,13,27.34,-0.06,55.08
2024-12-01,32.88,39.17,5.46,26.77,6.93,0.47,64.78,0.26,28.57,25.18,2.79,225.3,0.05,5,41.67,-0.06,64.78
2024-12-02,32.11,41.92,7.74,31.9,7.65,0.59,5.48,0.5,30.3,20.61,2.49,232.11,0.01,0.5,33.83,-0.06,53.52
2024-12-03,51.69,78.32,6.88,33.78,7.18,0.54,4.24,0.47,30.89,36.19,1.9,216.75,0,0,54.5,-0.06,86.15
2024-12-04,91.65,136.96,5.52,37.05,6.99,0.73,7.47,1.11,29.56,46,1.56,228.1,0,0,49.48,-0.06,205.50
2024-12-05,81.73,132.08,8.95,40.5,8.17,0.78,10.3,0.74,32.15,46,1.18,224.38,0,0,87.23,-0.06,172.43
2024-12-06,46.56,87.77,9.28,38.93,7.15,0.77,5.74,0.91,29.38,47.82,0.84,249.55,0,0,73.43,-0.06,87.77
2024-12-07,54.12,97.62,18.96,41.11,7.4,0.77,5.4,1.14,29.55,30.34,1.03,230.11,0,0,82.22,-0.06,97.62
2024-12-08,43.78,90.72,17.41,43.5,6.19,0.59,6.27,0.94,29.24,38.28,0.73,240.72,0,0,44.65,-0.06,90.72
2024-12-09,65.26,177.26,31.11,39.14,7.99,0.68,5.73,1.7,28.7,42.76,0.63,203.18,0,0,74.85,-0.06,151.51
2024-12-10,61.29,101.43,11.14,33.78,6.99,0.53,20.28,0.54,36.35,37.27,1.44,233.06,0,0,81.94,-0.06,104.30
2024-12-11,88.17,135.35,4.32,28.08,5.68,0.66,12.97,0.32,28.09,46.1,2.45,206.14,0,0,67.88,-0.06,193.90
2024-12-12,105.07,166.82,5.89,36.58,7.86,0.73,10.39,0.55,30.64,57.06,1.77,231,0,0,62.66,-0.06,250.23
2024-12-13,107.8,165.49,4.85,35.8,6.92,0.83,13.53,0.44,28.82,63.87,1.57,236.24,0,0,96.64,-0.06,259.33
2024-12-14,86.68,153.98,8.32,42.34,7.25,0.79,16.39,0.57,34.38,69.58,1.95,224.21,0,0,104.06,-0.06,188.93
2024-12-15,89.49,151.86,4.4,38.81,7.26,0.74,15.12,0.54,27.96,69.67,1.79,252.89,0,0,88.77,-0.06,198.30
2024-12-16,70.56,133.24,17.01,63.15,10.04,0.45,14.46,0.59,29,70.16,1.92,251.34,0,0,89.15,-0.06,135.20
2024-12-17,67.06,118.98,9.62,59.7,9.62,0.54,15.18,0.36,32.54,60.67,2.55,236.32,0.01,1,53.53,-0.06,123.53
2024-12-18,58.67,88.02,5.98,47.79,6.69,0.6,13.3,0.43,29.4,46.56,2.65,250.19,0,0,37.81,-0.06,97.78
2024-12-19,62.91,86.32,5.21,45.43,7.85,0.62,15.76,0.33,29.47,26.02,2.7,233.85,0.1,9,46.05,-0.06,109.70
2024-12-20,39.5,46,4.05,35.84,7.04,0.27,15.14,0.1,27.95,9.5,2.62,233.12,0.06,0.5,6,-0.06,65.83
2024-12-21,9.68,20.23,9.39,45.79,8.5,0.39,6.05,0.57,29.37,14.41,2.6,224.94,0.05,2.5,54.71,-0.06,57.24
2024-12-22,13.79,26.55,9.73,45.92,6.87,0.33,6.44,0.26,29.16,33.3,2.46,222.93,0,0,91.6,-0.06,57.40
2024-12-23,23.57,40.01,8.5,48.4,7.18,0.34,7.84,0.45,28.99,44.99,2.93,254.55,0,0,35.98,-0.06,60.50
2024-12-24,41.98,61.52,4.85,38.52,7.35,0.39,15.5,0.33,28.82,50.55,3.95,276.41,0.01,1,34.22,-0.06,69.97
2024-12-25,32.71,44.51,4.9,34.2,6.23,0.47,13.32,0.3,28.37,39.18,3.22,243.98,0.01,0.5,37.69,-0.06,54.52
2024-12-26,20.97,35.56,5.34,35.15,7.39,0.31,9.03,0.31,28.73,37.53,2.71,215.36,0,0,63.71,-0.06,43.94
2024-12-27,71.42,110.04,4.45,37.2,8.04,0.52,14.81,0.28,28.64,51.71,2.39,216.02,0,0,121.71,-0.06,138.07
2024-12-28,56.93,96.62,5.42,52.17,7.04,0.63,10.82,0.84,29.19,64.51,2.12,232.7,0,0,135.72,-0.06,96.62
2024-12-29,83.3,151.04,14.8,63.81,6.63,0.64,8.08,1.25,29.64,62.67,1.3,251.7,0,0,87.27,-0.06,177.67
2024-12-30,72.32,172.11,24.34,66.13,7.01,0.81,8.2,1.94,28.52,58.89,1.3,251.93,0,0,84.02,-0.06,148.07
2024-12-31,87.89,180.32,17.22,59.73,6.06,1.04,10.81,1.12,34.23,35.53,1.49,235.6,0,0,100.19,-0.06,192.97
2025-01-01,90.44,142.18,5.29,42.9,6.79,0.58,6.77,0.58,29.63,30.94,1.74,240.01,0,0,89.58,-0.06,201.47
2025-01-02,88.04,140.09,4.82,49.17,7.11,0.57,6.43,0.57,29.46,49.06,1.71,246.39,0,0,88.61,-0.06,193.47
2025-01-03,105.79,216.94,21.56,68.06,8.51,0.76,8.4,1.65,28.59,55.95,1.12,227.32,0,0,91.38,-0.06,252.63
2025-01-04,99.42,188.86,20.4,66.91,6.86,0.87,8.1,1.49,29.46,52.23,1.14,214.48,0,0,104.89,-0.06,231.40
2025-01-05,110.97,225.67,31.45,69.59,5.72,0.77,7.6,2.51,29.09,50.54,1.03,231.79,0,0,95.82,-0.06,269.90
2025-01-06,118.85,268.65,33.51,77.54,7.9,1,7.1,2.4,29.38,56.72,1.04,223.47,0,0,89.33,-0.06,296.17
2025-01-07,119.13,274.76,42.76,76.44,7.08,0.91,6.33,3.7,29.91,52.41,1.23,245.29,0,0,88.53,-0.06,297.10
2025-01-08,108.69,230.19,27.76,74.83,8.53,0.83,8.39,2.75,29.76,51.35,1.13,238.62,0,0,90.8,-0.06,262.30
2025-01-09,94.68,187.95,12.32,62.41,7.26,0.67,31.91,2.29,29.86,63.05,1.94,252.33,0,0,87.67,-0.06,215.60
2025-01-10,80.23,154,7.7,57.34,6.27,0.57,85.6,1.17,29.19,64.6,1.99,244.71,0,0,91.79,-0.06,167.43
2025-01-11,93.82,155.7,5.19,50.49,7.05,0.57,43.05,0.42,29.26,61.59,2.34,243.75,0,0,86.41,-0.06,212.73
2025-01-12,78.77,135.02,5.31,49.43,6.35,0.48,14.7,0.37,29.48,62.07,2.25,248.63,0,0,88.97,-0.06,162.57
2025-01-13,107.62,188.91,22.06,65.29,7.06,0.76,7.5,0.96,29.48,51.09,1.5,231.87,0,0,94.7,-0.06,258.73
2025-01-14,54.72,118.1,15.82,50.8,7.03,0.6,7.74,1.02,28.28,41,1.65,242.97,0,0,90.71,-0.06,112.07
2025-01-15,69.26,113.34,4.66,39.75,7.56,0.53,16.46,0.12,28.18,47.43,2.42,254.39,0,0,110.57,-0.06,130.87
2025-01-16,106.91,171.89,4.38,43.44,7.45,0.62,17.46,0.25,28.22,52.12,2.39,219.25,0,0,113.18,-0.06,256.37
2025-01-17,97.27,160.24,9.03,43.64,6.67,0.76,18.93,0.2,32.67,60.81,2.55,248.44,0,0,80.61,-0.06,224.23
2025-01-18,62.09,114.65,6.52,30.87,5.74,0.9,16.27,0.38,39.2,68.26,2.36,255.78,0,0,99.65,-0.06,109.77
2025-01-19,74.72,137.87,5.89,48.71,6.75,0.52,12.42,0.4,29.32,67.92,1.91,249.61,0,0,96.35,-0.06,149.07
2025-01-20,102.33,271.83,36.21,90.25,8.22,0.85,8.38,3.52,28.66,63.2,1.09,249.78,0,0,102.49,-0.06,241.10
2025-01-21,116.2,246.84,32.11,90.98,7.24,0.84,8.5,3.54,28.69,70.2,0.99,237.93,0,0,107.31,-0.06,287.33
2025-01-22,115.66,260.67,40.42,91.03,6.8,0.82,8.85,3.37,27.8,67.8,1.06,238.74,0,0,105.77,-0.06,285.53
2025-01-23,97.39,203.76,39.9,76.81,6.21,0.84,7.38,2.85,28.11,53.18,1.1,229.34,0,0,129.46,-0.06,224.63
2025-01-24,107.72,245.71,51.38,76.76,6.55,0.88,7.17,2.47,29.24,40.11,1.18,255.29,0,0,105.45,-0.06,259.07
2025-01-25,79.8,190.19,47.87,71.67,6.82,1.1,5.56,1.81,27.9,28.6,1.09,238.37,0,0,95.26,-0.06,166.00
2025-01-26,58.89,152.46,39.92,62.1,8.11,0.73,6.15,1.93,27.88,39.37,1.06,234.4,0,0,96.46,-0.06,134.97
2025-01-27,78.6,149.24,32.24,60.94,7.4,0.58,7.19,1.55,27.72,32.68,1.38,239.96,0,0,97.97,-0.06,162.00
2025-01-28,66.15,123.26,16.57,59.49,6.85,0.52,6.72,0.99,28.42,24.54,1.64,242.77,0,0,101.06,-0.06,120.50
2025-01-29,68.23,118.15,7.9,47.3,7.35,0.55,9.99,0.52,28.29,38.55,1.41,220.19,0,0,99.33,-0.06,127.43
2025-01-30,84.45,183.98,25.49,66.51,5.78,0.74,7.73,1.5,27.18,40.04,1.13,262.96,0.01,1,52.16,-0.06,181.50
2025-01-31,68.81,149.11,17.7,58.54,7.31,0.49,7.36,1.26,27.53,27.85,1.74,253.48,0,0,105.8,-0.06,132.74
2025-02-01,57.85,139.02,27.02,52.09,5.27,0.62,7.37,1.09,26.86,15.79,1.61,247.37,0,0,95.37,-0.06,126.01
2025-02-02,64.62,145.86,17.49,56.93,7.18,0.63,11.59,0.77,28.12,15.13,1.38,245.06,0,0,97.69,-0.06,130.57
2025-02-03,65.25,156.14,36.93,70.81,6.98,0.79,8.35,1.67,27.77,41.1,1.29,239.96,0,0,99.88,-0.06,137.43
2025-02-04,60.57,161.43,24.93,54.96,7.29,0.63,8.07,0.87,27.03,42.22,1.32,213.63,0,0,93.61,-0.06,140.95
2025-02-05,68.05,180.18,24.48,62.44,6.95,0.98,7.16,0.21,27.02,19.96,1.25,222.67,0,0,87.75,-0.06,153.45
2025-02-06,49.61,128.53,14.65,63.8,7.9,0.51,5.79,1.25,26.45,44.7,1.37,237.91,0,0,91.89,-0.06,119.02
2025-02-07,47.49,102.39,5.77,38.59,6.83,0.38,6.68,0.57,26.73,22.69,1.24,206.19,0,0,83.96,-0.06,101.59
2025-02-08,57.93,105.7,4.15,30.63,5.88,0.4,8.18,0.27,26.65,16.12,1.41,193.6,0,0,85.57,-0.06,103.80
2025-02-09,80.55,167.2,10.13,43.24,7.45,0.43,8,0.57,26.26,22.18,1.13,243.24,0,0,74.71,-0.06,168.50
2025-02-10,88.98,182.62,11.83,54.49,7.48,0.55,8.36,1.07,26.52,28.64,1.4,246.64,0,0,98.84,-0.06,196.60
2025-02-11,74.22,153.67,9.43,55.59,6.82,0.58,8.47,0.97,26.77,27.54,1.72,253.24,0,0,90.95,-0.06,147.40
2025-02-12,57.6,154.63,14.26,60.92,7.58,0.44,8.26,1.17,26.7,33.52,1.52,250.06,0,0,90.57,-0.06,136.42
2025-02-13,41.05,133.58,15.76,57.86,8.26,0.56,11.14,0.93,26.79,38.63,2.03,243.86,0,0,92.58,-0.06,122.39
2025-02-14,34.26,105.82,13.31,52.24,5.97,0.53,15.97,1.09,27.28,50.12,1.77,235.77,0,0,103.59,-0.06,103.88
2025-02-15,40.86,110.13,10.1,46.31,7.79,0.43,15.96,0.87,26.57,23.3,1.48,233.33,0,0,95.41,-0.06,106.75
2025-02-16,45.91,137.67,17.97,51.83,7.12,0.52,9.36,1.35,26.61,18.75,1.77,246.64,0,0,99.57,-0.06,125.11
2025-02-17,39.47,98.13,10.8,47.94,7.21,0.43,9.54,0.71,26.43,22.14,1.75,243.89,0,0,95.34,-0.06,98.13
2025-02-18,52.38,130.23,14.5,45.77,6.84,0.52,9.29,0.7,26.61,18.74,2.21,245.92,0,0,90.62,-0.06,120.15
2025-02-19,49.83,118,23.33,46.76,8.15,0.35,26.19,0.97,26.48,25.57,2.07,238.12,0,0,114.45,-0.06,112.00
2025-02-20,47.29,119.91,17.42,42.18,7.57,0.34,5.03,0.47,26.24,25.35,0.87,264.5,0,0,38.15,-0.06,113.27
2025-02-21,46.51,114.4,17.13,36.64,11.29,0.62,22.76,1.85,28.27,70.84,1.65,217.34,0.03,0,112.6,-0.06,109.60
2025-02-22,21.59,76.29,16.88,40.42,7.01,0.97,7.52,1.43,28.07,20.17,1.83,247.83,0,0,7.11,-0.06,76.29
2025-02-23,29.91,90.59,14.03,39.87,6.59,0.46,9.42,0.47,27.39,13.3,1.69,241.49,0,0,96.48,-0.06,90.59
2025-02-24,40.33,125.96,25.69,37.38,6.41,0.96,11,0.94,27.05,15.56,1.15,207.26,0,0,51.79,1.1,117.31
2025-02-25,36.61,82.78,5.43,27.49,7.12,0.42,40.99,0.39,28.27,32.03,1.65,214.94,0,0,93.15,1.23,82.78
2025-02-26,36.22,85.74,4.49,28.45,5.63,0.38,12.59,0.33,28.27,38.79,1.65,212.54,0,0,91.43,1.16,85.74
2025-02-27,47.74,150.6,20.08,46.72,6.35,0.83,11.5,1.13,28.27,44.65,1.26,216.82,0,0,93.95,1.02,133.73
2025-02-28,52.99,165.84,19.82,52.45,6.13,0.63,12.26,1.38,28.27,44.16,1.14,211.81,0,0,97.86,0.97,143.89
2025-03-01,66.46,189.94,30.94,55.46,6.52,0.77,11.99,1.93,28.27,42.41,1.34,242.74,0,0,99.68,0.96,159.96
2025-03-02,35.42,97.38,14.62,45.98,6.73,0.55,10.29,0.57,28.27,25.48,1.95,251.3,0,0,90.66,0.72,97.38
2025-03-03,28.43,93.09,27.81,43.25,5.76,0.79,9.36,0.64,28.27,20.54,1.98,254.21,0,0,91.23,0.31,93.09
2025-03-04,30.79,94.32,19.47,37.54,6.29,0.53,10.32,0.86,28.27,5.76,1.39,229.31,0,0,93.45,-0.11,94.32
2025-03-05,28.73,96.88,19.05,42.26,7.56,0.5,10.14,0.76,28.27,2.77,1.62,240.3,0,0,85.49,-5.1,96.88
2025-03-06,36.73,113.47,7.78,36.24,7.62,0.82,14.95,0.5,28.27,41.33,1.86,216.65,0,0,95.55,-2.96,108.98
2025-03-07,56.5,187.62,12.96,56.87,6.92,0.57,14.9,1.37,28.27,51.22,1.33,240.96,0,0,93.11,-6.17,158.41
2025-03-08,37.26,103.4,9.33,47.29,8.09,0.46,12.39,0.78,28.27,17.85,1.98,246.79,0,0,90.97,-6.37,102.27
2025-03-09,31.97,85,4.01,29.5,7.14,0.35,12.39,0.32,28.27,20.85,1.29,196.26,0,0,89.35,-7.24,85.00
2025-03-10,35.07,114.56,4.77,33.76,7.9,0.43,17.33,0.34,28.27,40.94,1.57,222.55,0,0,92.65,-5.19,109.71
2025-03-11,35.54,75.62,16.96,46.61,7.78,0.46,13.1,1.24,28.27,32.76,1.46,227.94,0,0,96.98,-5.78,75.62
2025-03-12,31.16,120.54,23.73,44.43,6.36,0.73,12,0.87,28.27,14.75,1.83,246.81,0,0,96.42,-4.94,113.69
2025-03-13,32.75,107.4,32.88,42.44,7.29,0.81,21.41,0.62,28.27,19.1,1.74,249.22,0,0,93.26,-4.83,104.93
2025-03-14,22.59,89.5,38.09,44.57,8.55,0.57,9.71,0.62,28.27,13.49,1.72,254.07,0,0,95.16,-5,89.50
2025-03-15,20.93,88.69,46.37,41.81,9.57,0.68,13.3,0.69,28.27,8.36,1.92,250.48,0,0,94.86,-4.23,88.69
2025-03-16,28.53,107.93,47.58,42.21,7.04,0.69,27.44,0.45,28.27,12.88,1.82,253.57,0,0,94.82,-4.17,105.29
2025-03-17,19.72,91.94,51.99,37.01,9.51,1.03,9.6,2.08,28.27,22.21,1.6,255.59,0,0,99.79,-3.99,91.94
2025-03-18,14.13,80.47,36.66,31.75,6.92,0.54,10.66,0.7,28.27,26.3,1.76,251.74,0,0,85.44,-4.63,80.47
2025-03-19,9.48,56.85,24.77,32.28,6.88,0.37,10.15,0.56,28.27,57.52,1.94,245.73,0,0,94.57,-2.08,56.85
2025-03-20,14.2,65.14,25.34,35.09,6.79,0.4,11.81,0.57,28.27,55.45,1.7,244.86,0,0,107.17,-1.96,65.14
2025-03-21,18.58,82.09,25.17,36.31,8.08,0.51,22.93,0.74,28.27,56.55,1.86,245.9,0,0,105.06,-2.15,82.09
2025-03-22,19.42,64.05,13,35.31,7.37,0.34,23.34,0.37,28.27,56.89,1.61,230.08,0,0,99.1,-1.99,64.05
2025-03-23,18.84,44.25,8.01,30.02,6.1,0.29,15.95,0.18,28.27,54.64,1.59,186.76,0,0,97.66,-1.43,44.25
2025-03-24,22.7,58.5,10.19,34.32,7.24,0.34,41.1,0.41,28.27,54.96,1.32,212.29,0,0,79.77,-1.27,58.50
2025-03-25,27.7,86.06,16.36,37.99,7.22,0.35,10.39,0.73,28.27,53.92,1.36,234.25,0,0,90.66,-1.26,86.06
2025-03-26,26.21,98.11,18.22,39.84,7.17,0.54,12.71,0.66,28.27,55.01,1.68,242.92,0,0,98.62,-1.24,98.11
2025-03-27,36.8,96.68,25.52,42.38,6.85,0.57,14.83,0.82,28.27,55.09,1.57,250.47,0,0,98.7,-1.48,96.68
2025-03-28,38.94,116.88,31.3,43,6.75,0.61,9.82,0.87,28.27,55.97,1.71,249.15,0,0,94.69,-1.71,111.25
2025-03-29,44.68,121.71,18.67,44.58,6.25,0.64,11.68,0.67,28.27,54.51,1.69,243.26,0,0,92.72,-1.79,114.47
2025-03-30,33.69,102.12,16.21,44.36,6.68,0.57,11.75,0.53,28.27,59,1.8,236.77,0,0,88.16,-1.8,101.41
2025-03-31,36.82,97.89,8.48,38.46,7.7,0.57,28.94,0.36,28.27,58.91,1.89,217.97,0,0,95.19,-1.14,97.89
2025-04-01,37.59,96.4,15.9,40.19,5.97,0.46,9.68,0.49,28.27,54.96,1.88,233.36,0,0,100.91,-1.15,96.40
2025-04-02,21.54,65.05,18.73,35.29,6.62,0.37,17.51,0.51,28.27,57.24,1.77,227.44,0,0,106.91,-1.3,65.05
2025-04-03,13.08,45.17,12.07,31.51,5.43,0.3,10.09,0.38,28.27,56.69,1.71,210.81,0,0,107.45,-1.26,45.17
2025-04-04,27.44,73.16,14.22,37.08,7.07,0.43,10.89,0.55,28.27,55.19,1.44,234.51,0,0,101.77,-1.28,73.16
2025-04-05,39.77,124.49,17.98,48.78,8.5,0.57,10.07,1.18,28.27,50.2,1.38,255.67,0,0,93.99,-1.21,116.33
2025-04-06,18.15,69.54,27,44.54,6.39,0.4,10.56,0.59,28.27,52.57,1.91,225.04,0,0,103.33,-1.34,69.54
2025-04-07,7.6,31.4,80.32,55.36,2.73,0.97,6.98,0.3,28.27,59,1.56,208,0,0,7,-1.59,69.20
2025-04-08,6.14,25.48,18.22,25.77,11.1,0.67,9.48,0.26,28.27,55.92,2.67,168.79,0.42,20,125.29,-1.82,33.50
2025-04-09,5.71,25.76,6.44,22.4,7.47,0.07,10.35,0.31,28.27,56.99,1.44,205.41,0,0,127.22,0.45,28.00
2025-04-10,21.23,62.68,14.12,32.28,7.22,0.3,10.65,0.85,28.27,55.33,1.2,225.09,0.03,2.5,116.52,0.59,62.68
2025-04-11,33.14,91.83,5.35,37.03,5.77,0.4,12.74,0.34,28.27,50.79,1.34,202.39,0,0,99.05,0.64,91.83
2025-04-12,39.97,97.65,9.08,44.88,7.74,0.46,11.78,0.24,28.27,55.4,1.61,221.72,0,0,147.51,0.12,97.65
2025-04-13,44.19,90.35,12.69,31.41,7.14,0.37,8.38,0.45,28.27,58.34,1.89,205.02,0,0,59.24,-0.06,90.35
2025-04-14,28.3,67.34,6.17,28.93,7.82,0.37,11.32,0.34,28.27,46.33,1.3,187.18,0,0,102.96,0.47,67.34
2025-04-15,33.6,89.53,13.19,36.71,6.76,0.34,11.78,0.08,28.27,55.11,1.48,201.57,0,0,112.58,-0.11,89.53
2025-04-16,49.6,176.71,28.36,23.77,10.86,0.42,7.9,0.06,28.27,52.64,1.41,217.52,0,0,101.49,-0.03,151.14
2025-04-17,35.19,109.77,10.11,30.15,7.22,0.23,10.48,0.25,28.27,53.19,1.63,222.98,0,0,112.31,0.01,106.51
2025-04-18,34.52,101.56,13.96,32.78,7.93,0.47,10.27,0.08,28.27,57.46,1.76,218,0,0,103.6,-0.06,101.04
2025-04-19,39.01,114.8,15.67,35.74,7.27,0.47,10.04,0.03,28.27,58.57,1.91,221.08,0,0,98.72,0.08,109.87
2025-04-20,43.74,138.46,11.9,33.03,8.48,0.58,10.43,0,28.27,58.75,1.77,217.83,0,0,95.66,0.06,125.64
2025-04-21,43.84,139.07,17.65,35,8.18,0.34,10.46,0,28.27,59,1.73,221.67,0,0,100.57,0.08,126.05
2025-04-22,42.09,157.2,18.71,22.43,9.96,0.35,9.13,0,28.27,58.49,1.6,225.33,0,0,88.99,0.11,138.13
2025-04-23,36.5,130.38,55.11,51.83,7.61,0.23,9.83,0.01,28.27,57.25,1.79,227.85,0,0,116.14,0.2,120.25
2025-04-24,33.18,132.21,12.04,20.25,6.69,0.32,10.18,0,28.27,57.22,2.03,223.22,0,0,118.34,0.23,121.47
2025-04-25,29.07,108.75,9.3,13.61,7.68,0.62,10.26,0.05,28.27,57.28,1.93,219.22,0,0,119.4,0.23,105.83
2025-04-26,24.02,78.61,12.15,19.42,6.41,0.6,10.25,0,28.27,57.12,2.19,220.27,0,0,119.49,0.35,78.61
2025-04-27,18.29,57.73,11.14,19.68,7.71,0.55,10.34,0,28.27,57.68,1.88,217,0,0,120.68,0.36,57.73
2025-04-28,19.77,62.07,15.08,20.03,8.15,0.21,12.89,0,28.27,57.24,1.89,218.04,0,0,106.36,0.31,62.07
2025-04-29,19.86,74.11,10.43,21.35,7.85,0.47,20.9,0,28.27,54.74,2.04,217.84,0,0,121.58,0.39,74.11
2025-04-30,24.52,84.47,11.45,22.75,6.96,0.65,10.56,0,28.27,58.52,0.74,224.17,0.02,1.5,35.34,-3.06,84.47
2025-05-01,28.88,101.61,15.92,19.54,7.86,0.5,10.43,0.02,28.27,61.68,1.15,203.26,0,0,100.65,-1.8,101.07
2025-05-02,22.73,62.02,11.85,37.4,7.08,0.54,25.43,0,28.27,66.83,0.98,206.98,0.18,17.5,135.92,-0.04,62.02
2025-05-03,24.37,86.97,11.3,55.91,6.86,0.64,24.46,0.24,28.27,66.77,1.46,234.19,0,0,105.94,0.01,86.97
2025-05-04,36.96,101.35,26.45,60.17,16.42,0.92,37.87,0.76,28.27,64.58,1.05,241.41,0.01,0.5,49.25,-0.01,100.90
2025-05-05,48.92,168.72,35.65,52.41,28.29,0.99,41.15,0.93,28.27,64.67,1.05,205.43,0,0,137.53,0.01,145.81
2025-05-06,40.61,94.75,4.84,30.86,8.92,0.65,47.27,0.25,28.27,67.06,1.52,219.67,0,0,137.23,0.03,94.75
2025-05-07,29.14,94.59,7.23,30.48,7.33,0.75,24.03,0.12,28.27,68.75,1.47,223.46,0,0,121.88,0.03,94.59
2025-05-08,31.2,84.96,5.35,30.01,6.55,0.65,52.64,0.09,28.27,68.89,1.55,220.43,0,0,128.67,0.03,84.96
2025-05-09,37.68,95.78,8.83,38.19,6.25,0.69,37.63,0.08,28.27,67.48,1.62,215.21,0,0,139.67,0.03,95.78
2025-05-10,37.1,94.86,8.82,32.21,7.39,0.67,33.74,0.09,28.27,68.62,1.76,225.43,0,0,128.02,0.03,94.86
2025-05-11,40.97,110.99,8.43,33.67,9.97,0.74,28.07,0.08,28.27,69.02,1.69,223.6,0,0,137.61,0.02,107.33
2025-05-12,52.41,130.5,10.79,48.01,15.5,0.87,26.34,0.07,28.27,70.68,1.83,224.91,0,0,132.22,0.01,120.33
2025-05-13,52.47,143.75,22.31,60.98,26.21,1.12,36.07,0.25,28.27,69.14,1.51,209.12,0,0,106.27,0,129.17
2025-05-14,42.72,101.27,9.26,39.98,7.93,0.64,26.42,0.01,28.27,69.25,1.26,215.32,0,0,95.71,-0.01,100.85
2025-05-15,45.17,141.32,10.76,57.33,8.18,0.74,24.94,0.01,28.27,67.45,1.14,234.02,0,0,88.67,0.02,127.55
2025-05-16,41.49,107.68,10.3,39.94,8.32,0.6,39.25,0.01,28.27,67.12,1.47,204.24,0,0,131.67,0.01,105.12
2025-05-17,29.58,70.85,5.01,20.68,7.61,0.43,40.29,0.01,28.27,69.62,1.22,189.95,0,0,119.32,-0.05,70.85
2025-05-18,22.74,51.93,6.12,12.19,7.21,0.36,34,0,28.27,71.43,1.36,183.96,0.06,6,66.05,-0.09,51.93
2025-05-19,11.21,32.12,5.42,11.6,6.77,0.34,23.23,0,28.27,73.9,1.35,199.22,0.05,5,95.02,-0.09,32.12
2025-05-20,16.48,35.94,14.42,20.62,6.58,0.43,27.26,0,28.27,76.25,0.93,209.83,0.38,36.5,57.74,-0.05,35.94
2025-05-21,24.32,64.49,33.85,40.12,7.64,0.69,22.45,0.46,28.27,79.05,0.56,228.18,0.14,13,46.93,-0.02,64.49
2025-05-22,29.76,86.08,27.93,43.05,8.3,0.77,20.22,0.46,28.27,77.81,0.66,215.25,0,0,51.04,0.01,86.08
2025-05-23,35.75,107.17,11.65,44.15,7.2,0.76,26.25,0.3,28.27,74.97,0.72,217.56,0.01,0.5,74.29,0.01,104.78
2025-05-24,32.52,94.98,7.46,34.76,6.45,0.41,25.78,0.06,28.27,70.38,1.02,215.22,0,0,119.53,0.02,94.98
2025-05-25,29.57,88.53,10.88,43.6,8.97,0.48,26.96,0.07,28.27,72.16,0.66,220.56,0,0,65.93,-0.02,88.53
2025-05-26,32.44,93.04,11.35,43.78,6.12,0.72,24.69,0.04,28.27,76.56,0.63,208.98,0.06,5.5,54.83,0.01,93.04
2025-05-27,28.74,71.62,8.38,34.44,6.89,0.45,34.49,0.04,28.27,73.18,1.01,216.31,0.07,7,133.08,-0.03,71.62
2025-05-28,39.18,102.46,33.44,115.71,9.52,1.42,13.52,0.1,28.27,80.52,0.35,252.81,0.01,1,33.16,0,135.71
2025-05-29,56.7,124.2,15.23,98.12,15.51,1.38,18.44,0.68,28.27,75.02,0.7,244.2,0,0,44.06,0.02,118.12
2025-05-30,37.26,104.15,15.4,65.98,9.27,0.58,28.47,0.14,28.27,73.55,1.32,213.08,0.41,39.5,102.74,0.02,102.77
2025-05-31,47.57,137.24,26.78,66.95,6.95,0.96,30.48,0.65,28.27,72.55,0.65,216.72,0,0,82.44,-0.01,124.83
2025-06-01,54.49,165.54,16.88,81.72,11.33,0.67,30.96,0.36,28.27,59.71,1,254.68,0,0,116.82,0.01,143.69
2025-06-02,46.89,164.62,12.04,72.57,14.33,0.7,26.35,0.17,28.27,62.2,1.26,241.51,0,0,135.33,0.03,143.08
2025-06-03,38.32,159.98,13.14,69.5,32.25,0.81,26.28,0.15,28.27,65.82,1.54,228.92,0,0,111.71,0.06,139.99
2025-06-04,41.59,144.98,12.76,66.68,17.03,0.78,27.95,0.17,28.27,67.82,1.48,222.79,0,0,133.03,0.03,129.99
2025-06-05,38.18,119.8,11.97,51.45,8,0.47,33.81,0.16,28.27,67.72,1.04,211.08,0.01,0.5,122.85,-0.01,113.20
2025-06-06,44.86,153.86,23.7,68.78,6.15,0.71,30.99,0.26,28.27,69.32,1.07,217.06,0,0,108.92,-0.03,135.91
2025-06-07,53.51,169.67,15.37,76.01,7.58,0.55,25.34,0.12,28.27,66.83,1.26,230,0,0,118.03,0.02,146.45
2025-06-08,55.19,148.21,8.32,63.85,7.53,0.57,35.89,0.12,28.27,68.27,0.91,206.91,0,0,92.28,0,132.14
2025-06-09,54.58,164.46,8.52,70.78,11.03,0.78,43.06,0.13,28.27,68.32,1.13,206.38,0,0,121.14,0,142.97
2025-06-10,46.08,117.23,14.79,75.61,7.61,0.85,40.19,0.16,28.27,73.95,1.35,231.04,0.09,9,22.42,-0.07,111.49
2025-06-11,45.21,105.97,10.94,57.19,6.36,0.61,40.9,0.15,28.27,71.75,0.68,201,0,0,75.67,-0.05,103.98
2025-06-12,36.17,68.6,2.82,36.04,8.74,0.44,55.6,0.03,28.27,74.79,0.89,193.72,0.31,30,107.97,-0.04,68.60
2025-06-13,41.36,92.26,3.01,51.21,7.01,0.56,39.28,0.25,28.27,74.77,0.91,199.79,0,0,95.8,-0.01,92.26
2025-06-14,30.4,73.7,3.64,48.81,5.87,0.42,35.16,0.13,28.27,72.12,1.3,220.38,0,0,107.26,0.03,73.70
2025-06-15,30.65,95.82,2.94,60.42,5.76,0.71,25.27,0.13,28.27,75.14,1.04,233.31,0,0,47.55,0.03,95.82
2025-06-16,28.85,101.6,2.8,50.98,19.83,0.39,23.17,0.07,28.27,68,1.8,230.91,0,0,106.41,0.07,101.07
2025-06-17,36.57,109.78,2.94,61.37,9.18,0.68,23.25,0.16,28.27,70.52,1,237.28,0,0,56.73,0.03,106.52
2025-06-18,39.89,160.02,2.75,64.8,19.63,0.68,25.35,0.1,28.27,68.44,1.44,229.06,0,0,78.06,0.06,140.01
2025-06-19,36.93,139.42,2.76,54.97,20.21,0.56,24.92,0.1,28.27,68.93,1.72,222.72,0,0,70.42,0.06,126.28
2025-06-20,38.43,152.53,3.24,55.31,28.67,0.52,24.64,0.12,28.27,66.33,0.65,226.79,0,0,100.08,0.04,135.02
2025-06-21,37.12,118.62,2.82,60.57,25.55,0.45,26.73,0.08,28.27,65.33,0.3,232.52,0,0,133.25,0.03,112.41
2025-06-22,33.16,94.68,2.76,52.73,7.99,0.43,23.36,0.14,28.27,64.8,0.3,258.29,0,0,46.59,0,94.68
2025-06-23,36.08,84.73,4.08,59.69,6.19,0.61,17.85,0.32,28.27,76.53,0.3,256.23,0.11,10.5,34.24,0,84.73
2025-06-24,33.98,85.45,2.75,57.23,14,0.55,14.45,0.13,28.27,78.05,0.3,257.27,0.03,3,38.35,0.02,85.45
2025-06-25,31.09,59.1,3.41,59.4,16.12,0.4,12.34,0.09,28.27,85.16,0.3,244.81,0.29,28,16.97,0.03,74.25
2025-06-26,34.43,81.93,3.45,59.77,15.18,0.45,15.11,0.2,28.27,78.45,0.3,245.36,0.01,1,62.54,0.03,81.93
2025-06-27,38.56,123.54,2.95,62.55,7.06,0.78,19.66,0.25,28.27,75.85,0.3,240.4,0,0,55.91,0.03,115.69
2025-06-28,38.24,151,3.22,68.81,15.72,0.56,19.12,0.18,28.27,70.08,0.3,231.89,0,0,90.46,0.03,134.00
2025-06-29,31.39,92.88,3.68,60.09,6.33,0.5,21.89,0.25,28.27,73.9,0.3,244.24,0.02,1.5,46.38,0.01,92.88
2025-06-30,29.96,82.4,3.91,59.97,12.94,0.45,15.52,0.22,28.27,68.42,0.3,266.2,0,0,48.01,0.01,82.40
2025-07-01,29.8,61.84,3.58,57.42,10.98,0.64,12.3,0.21,28.27,84.62,0.3,248.69,0.4,38.5,21.69,0.01,71.78
2025-07-02,24.08,70.25,4.28,55.69,8.81,0.41,11.62,0.21,28.27,83.58,0.3,272.24,0.05,4.5,38.79,0.01,70.25
2025-07-03,29.31,88.07,4.03,59.46,18.57,0.72,13.67,0.22,28.27,80.78,0.3,266.04,0.03,3,44.91,0.02,88.07
2025-07-04,29.34,90.44,3.5,60.11,10.98,0.55,14.44,0.22,28.27,69.86,0.3,261.35,0.01,0.5,83.38,0.02,90.44
2025-07-05,37.5,114,3.37,69.43,7.77,0.59,11.59,0.39,28.27,73.1,0.3,263.03,0,0,47.84,0.01,109.33
2025-07-06,31.06,104.05,3.55,56.43,6.6,0.55,16.04,0.19,28.27,69.26,0.3,250.97,0.01,0.5,65.96,0.04,102.70
2025-07-07,31.16,109.89,3.4,61.86,15.02,0.38,18.27,0.15,28.27,65.1,0.3,252.58,0,0,106.73,0.04,106.59
2025-07-08,35.6,121.68,3.52,59.97,27.14,0.4,23.48,0.11,28.27,58.76,0.3,259.75,0,0,123.91,0.05,114.45
2025-07-09,35.64,120.4,3.23,62.91,31.87,0.52,22.06,0.1,28.27,59.27,0.3,259.2,0,0,118.65,0.06,113.60
2025-07-10,33.26,101.51,2.5,43.55,9.56,0.48,21.56,0.08,28.27,60.6,0.3,264.98,0,0,121.29,0.04,101.01
2025-07-11,38.55,124.07,3.42,43.87,9.4,0.42,27.16,0.11,28.27,61.45,0.3,255.24,0,0,100.25,0,116.05
2025-07-12,43.43,148.78,3.45,53.47,11.89,0.44,26.82,0.14,28.27,61.47,0.3,248.31,0,0,118.29,0.03,132.52
2025-07-13,43.2,134.6,3.43,61.34,9.79,0.58,21.93,0.16,28.27,65.9,0.3,250.53,0.35,33.7,89.75,-0.01,123.07
2025-07-14,42.4,141.05,2.6,67.02,14.67,0.58,23.18,0.1,28.27,65.26,0.3,238.08,0,0,108.71,0.01,127.37
2025-07-15,39.04,135.58,2.65,53.23,19.27,0.46,29.45,0,28.27,66.65,0.3,220.67,0,0,125.25,0.01,123.72
2025-07-16,34.54,105.08,3.51,44.53,7.82,0.49,23.47,0.02,28.27,72.61,0.3,208.62,0,0,120.6,0.04,103.39
2025-07-17,27.48,82.09,2.81,30.48,7.46,0.27,25.61,0.01,28.27,73.96,0.3,190.83,0,0,114.2,-0.01,82.09
2025-07-18,19.57,56.74,3.45,14.28,7.3,0.16,30.04,0,28.27,73.4,0.3,169.42,0,0,128.66,-0.06,56.74
2025-07-19,29.8,76.83,3.02,36.89,9.42,0.44,35.43,0,28.27,71.47,0.3,205.42,0.03,3,123.41,-0.01,76.83
2025-07-20,29.21,71.89,2.65,40.87,7.79,0.37,33.68,0.01,28.27,73.35,0.3,211.26,0.01,0.5,101.53,-0.06,71.89
2025-07-21,36.99,94.47,2.45,49.5,5.65,0.45,28.98,0.06,28.27,74.99,0.3,201.71,0.02,2,101.74,-0.06,94.47
2025-07-22,36.94,103.75,2.88,51.12,10.9,0.42,27.41,0.04,28.27,72.26,0.3,219.36,0,0,113.72,0,102.50
2025-07-23,43.55,103.05,3.77,60.29,9.03,0.49,18.15,0.06,28.27,74.4,0.3,252.91,0,0,42.83,0.01,102.03
2025-07-24,25.92,63.32,4.51,55.2,9.17,0.41,15.07,0.07,28.27,76.62,0.3,258.73,0.03,3,40.22,0.02,69.00
2025-07-25,33.84,69,3.88,53.8,24.67,0.31,13,0.01,28.27,74.59,0.3,241.02,0,0,43.98,0.05,69.00
2025-07-26,27.6,68.39,2.6,36.2,26.22,0.34,17.06,0,28.27,72.31,0.3,228.65,0,0,54.93,0.09,68.39
2025-07-27,25.15,81.68,2.53,32.56,16.5,0.24,20.69,0.03,28.27,61.99,0.3,246.53,0,0,134.43,0.05,81.68
2025-07-28,30.74,102.97,2.56,35.04,15.15,0.41,19.43,0.02,28.27,60.12,0.3,252.17,0,0,111.39,0.01,101.98
2025-07-29,27.79,93,1.93,38.49,23,0.27,16.13,0.01,28.27,58.35,0.3,254,0,0,104.44,0.03,93.00
2025-07-30,39.95,145.8,2.46,42.47,25.49,0.54,19.12,0.03,28.27,63.17,0.3,239.62,0,0,108.96,0.06,130.53
2025-07-31,41.26,136.95,2.29,38.26,18.35,0.56,20.61,0.02,28.27,65.36,0.3,251.18,0,0,97.97,0.04,124.63
2025-08-01,32.61,105.18,2.26,25.56,6.72,0.33,30.93,0.01,28.27,67.88,0.3,215,0,0,98.78,0.01,103.45
2025-08-02,50.23,163.91,2.37,24.93,6.29,0.37,40.67,0.09,28.27,70.45,0.3,181.75,0,0,109.9,-0.03,142.61
2025-08-03,41.77,122.4,2.11,20.65,7.6,0.3,27.47,0.03,28.27,72.28,0.3,179.6,0,0,121.09,0.01,114.93
2025-08-04,42.29,102.99,2.32,20.06,9.05,0.45,25.35,0.01,28.27,72.93,0.3,187.78,0,0,119.45,0.02,101.99
2025-08-05,31.29,85.42,2,12.74,4.75,0.37,21.5,0,28.27,72.6,0.3,180.92,0,0,123.08,0.02,85.42
2025-08-06,31.92,88.57,2.53,24.08,7.49,0.41,15.58,0.02,28.27,71.02,0.3,206.22,0,0,121.51,0.01,88.57
2025-08-07,32.7,94.65,2.45,31.71,6.54,0.46,13.7,0.07,28.27,69.03,0.3,231.34,0,0,110.47,0.03,94.65
2025-08-08,40.49,108.17,2.46,30.03,7.59,0.43,21.13,0.1,28.27,69.68,0.3,219.17,0,0,80.39,0.01,105.45
2025-08-09,25.32,89.82,2.57,22.96,6.01,0.37,21.34,0.1,28.27,71.32,0.3,196.09,0,0,124.26,-0.03,89.82
2025-08-10,37.68,101.61,2.35,30.05,6.06,0.55,18.13,0.04,28.27,69.99,0.3,217.46,0,0,100.01,0.01,101.07
2025-08-11,34.31,88.77,2.31,31.69,6.03,0.43,17.69,0.06,28.27,69.91,0.3,216.23,0,0,122.93,0.01,88.77
2025-08-12,37.83,103.28,2.37,30.59,7.63,0.5,37.11,0.16,28.27,66.58,0.3,204.54,0,0,126.85,-0.08,102.19
2025-08-13,36.9,102.1,2.37,23.72,8.39,0.46,20.7,0.26,28.27,70.59,0.3,197.15,0.06,6,108.79,-0.11,101.40
2025-08-14,34.11,90.16,2.42,29.56,7.4,0.41,18.57,0.17,28.27,73.97,0.3,205.54,0,0,69.79,-0.01,90.16
2025-08-15,31.4,89.91,2.24,30.59,5.66,0.36,22.15,0.08,28.27,70.09,0.3,225.51,0,0,75.05,0.04,89.91
2025-08-16,36.11,84.03,2.12,35.12,7.31,0.54,22.86,0.09,28.27,76.71,0.3,218.74,0.67,64,50.78,0,84.03
2025-08-17,20.33,45.53,2.7,30.36,6.12,0.43,12.07,0.16,28.27,84.12,0.3,243.48,0.7,67,18.33,-0.01,45.53
2025-08-18,20.18,48.12,2.61,32.82,6.47,0.39,10.12,0.14,28.27,84.09,0.3,252.33,0.48,46,25.48,0,48.12
2025-08-19,23.04,63.55,2.49,31.68,11.43,0.37,11.3,0.13,28.27,73.98,0.44,234.77,0,0,91.21,0.03,63.55
2025-08-20,25.77,89.01,2.38,35.53,12.49,0.41,12.07,4.74,28.27,69.56,1.3,230.84,0,0,82.08,0.05,89.01
2025-08-21,40.25,133.48,2.8,40.72,10.58,0.62,14.23,2.06,28.27,71.31,0.52,228.91,0,0,89.54,0.03,122.32
2025-08-22,37.24,112.74,2.32,38.39,7.59,0.37,14.75,0.37,28.27,67.62,0.36,232.21,0,0,88.34,0.02,108.49
2025-08-23,40.5,125.16,2.57,38.41,7.74,0.47,22.04,0.34,28.27,65.5,0.43,224.21,0,0,97.72,0,116.77
2025-08-24,36.73,101.4,2.39,35.42,9.04,0.5,16.05,0.4,28.27,65.33,0.33,237.95,0,0,65.59,-0.01,100.93
2025-08-25,32.01,78.05,2.6,36.43,10.57,0.57,12.79,2.24,28.27,73.91,0.3,222.33,0.09,8,41.6,-0.03,78.05
2025-08-26,27.01,52.33,2.64,41.86,8.53,0.52,10.65,3.43,28.27,86.23,0.33,260.68,0.8,77,13.96,0,52.33
2025-08-27,22.89,62.18,2.32,35.33,22.18,0.45,10.99,1.7,28.27,79.97,0.33,224.08,0.01,0.5,64.79,-0.01,62.18
2025-08-28,34.62,92.94,2.38,36.1,28.21,0.55,11.14,1.41,28.27,74.61,0.97,219.17,0,0,91.96,0.01,92.94
2025-08-29,30.32,76.95,1.98,31.81,11.27,0.43,13.41,0.73,28.27,77.83,1.19,211.42,0.16,15.5,75.41,0.03,76.95
2025-08-30,33.07,99.93,2.06,37.67,14.09,0.49,15.38,0.54,28.27,73.65,0.88,207.65,0.01,0.5,110.26,0.03,99.93
2025-08-31,36.92,108.79,2.32,38.17,6.88,0.49,15.27,1.03,28.27,77.55,0.41,211.71,0,0,50.65,-0.02,105.86
2025-09-01,40.77,105.59,2.69,39.28,8.94,0.65,18.02,2.16,28.27,74.9,0.44,214.66,0.03,3,104.14,0,103.73
2025-09-02,36.01,90.7,2.64,33.46,12.83,0.43,14.44,1.57,28.27,73.92,0.36,215.74,0.02,2,67.44,-0.01,90.70
2025-09-03,65.78,155.76,3.4,45.32,7.45,1.11,15.14,4.16,28.27,79.68,0.39,231.12,0.05,5,74.05,-0.02,137.17
2025-09-04,57.23,162.35,2.11,38.41,10.03,0.63,13.47,2.39,28.27,74.26,0.62,237.79,0,0,91.09,0.03,141.57
2025-09-05,48.8,128.04,2.57,38.22,9.77,0.65,12.62,1.9,28.27,74.52,0.6,234.53,0.01,0.5,60.66,0.02,118.69
2025-09-06,43.38,126.42,2.25,40.11,8.36,0.47,13.1,1.16,28.27,72,0.63,237.44,0.02,1.5,77.84,0.02,117.61
2025-09-07,47.03,104.23,1.93,40.42,7.98,0.44,16.46,0.91,28.27,73.49,0.56,230,0.01,1,88.79,-0.02,102.82
2025-09-08,39.05,91.76,2.7,38.5,8.18,0.6,13.85,1.67,28.27,77.35,0.63,234.46,0,0,91.76,-0.02,91.76
2025-09-09,65.46,198.87,3.27,30.28,7.6,0.53,23.47,0.57,28.27,76.93,0.36,234,0.11,10.5,66.84,-0.01,165.91
2025-09-10,56.43,261.18,2.69,34.55,8.77,0.88,28.64,1.76,28.27,77.08,0.69,253.37,0.2,17.5,117.79,-0.01,211.18
2025-09-11,58.08,146.4,2.62,43.58,8.83,0.8,13.51,2.7,28.27,77.61,0.36,239.1,0,0,74.44,-0.05,130.93
2025-09-12,46.13,109.87,3.19,34.93,5.61,0.63,12.02,2.27,28.27,80.8,0.42,265.03,0,0,34.3,-0.05,106.58
2025-09-13,75.04,428.49,2.49,18.73,6.92,0.33,24.82,0,28.27,78.7,0.71,225.69,0,0,127.83,-0.09,398.11
2025-09-14,60.15,376.2,2.11,19.22,8.81,0.39,248.51,0,28.27,74.61,1.01,227.35,0,0,135.61,0.01,332.75
2025-09-15,64.09,258.73,2.44,39.14,7.98,0.65,40.78,0.65,28.27,75.28,0.61,245.75,0,0,72.16,0,208.73
2025-09-16,44.59,115.33,2.4,37.02,6.71,0.61,49.6,1.29,28.27,76.86,0.62,234.4,0,0,97.35,-0.01,110.22
2025-09-17,37.03,96.73,2.18,28.68,6.31,0.42,11.91,0.96,28.27,73.49,0.82,219.05,0,0,138.35,-0.02,96.73
2025-09-18,29.52,74.54,1.87,27.38,6.11,0.27,12.98,0.44,28.27,73.29,0.76,212.34,0,0,118.46,-0.04,74.54
2025-09-19,43.45,104.88,2.47,34.46,8.53,0.5,12.39,1.35,28.27,72.29,0.68,228.76,0.04,3.8,126.62,-0.05,103.25
2025-09-20,45.77,113.27,15.36,50.63,10.95,0.52,13.06,1.61,28.27,72.38,0.66,230.08,0.02,1.6,130.43,-0.05,108.85
2025-09-21,44.89,130.27,28.79,51.56,11.65,0.8,8.86,2,28.27,72.4,0.5,220.22,0,0,108.04,-0.05,120.18
2025-09-22,43.9,108.7,32.49,53.73,9.21,0.88,11.07,1.19,28.27,76.43,0.46,212.92,0,0,80.49,-0.04,105.80
2025-09-23,44.22,98.53,35.88,59.14,6.14,0.8,8.1,1.11,28.27,78.66,0.41,226.93,0,0,77.54,-0.05,98.53
2025-09-24,47.01,112.02,20.53,58.12,6.51,1.06,11.56,1.3,28.27,71.16,0.42,256.01,0,0,84.92,-0.02,108.01
2025-09-25,40.86,92.47,5.27,40.2,7.16,0.78,26.83,0.77,28.27,70.56,0.4,241.52,0,0,69.77,-0.04,92.47
2025-09-26,44.28,81.12,17.61,48.05,8.08,1.08,21.69,1.46,28.27,79.1,0.34,270.32,0,0,33.09,-0.03,81.12
2025-09-27,43.65,93.18,16.42,36.3,13.28,0.87,19.84,0.68,28.27,79.43,0.94,218.27,0,0,81,0.05,93.18
2025-09-28,37.98,103.77,9.67,42.12,5.86,0.72,23.16,0.58,28.27,74.02,0.8,218.65,0,0,99.58,0.02,102.51
2025-09-29,43.6,103.21,8.32,43.74,6.54,0.73,26.63,0.68,28.27,74.58,0.53,223.61,0,0,84.51,-0.02,102.14
2025-09-30,31.49,76.94,22.64,32.91,6,0.77,14.19,1.01,28.27,72.3,0.53,216.14,0,0,123.4,-0.06,76.94
2025-10-01,33.78,85.84,18.5,37.88,6.32,0.8,11.08,1.14,28.27,74.1,0.35,241.86,0,0,52.59,-0.03,85.84
2025-10-02,43.83,79.18,18.48,39.23,6.56,0.78,8.29,0.89,28.27,81.35,1.55,252.11,0,0,18.03,-0.03,79.18
2025-10-03,55.1,121.88,16.83,45.54,6.38,0.89,16.14,1.16,28.27,74.41,0.8,232.75,0,0,93.6,0,114.59
2025-10-04,49.93,113.72,14.69,45.85,6.62,0.64,14.12,0.96,28.27,74.82,1.07,228.41,0,0,78.79,0,109.15
2025-10-05,37.99,83.31,10.74,40.22,5.7,0.43,15.77,0.38,28.27,76.8,1.05,233.48,0,0,97.83,0,83.31
2025-10-06,33.05,83.15,18,46.51,10.02,0.6,18.5,0.85,28.27,75.57,0.67,213.66,0,0,109.23,-0.03,83.15
2025-10-07,52.89,145.35,41.62,64.15,9.2,0.87,20.05,1.85,28.27,75.56,0.41,225.2,0,0,96.31,-0.06,130.23
2025-10-08,48.89,133.22,32.16,46.86,13.45,0.64,17.85,1.96,28.27,76.78,0.48,226.31,0,0,92.19,-0.04,122.15
2025-10-09,55.64,137.81,39.01,55.08,9.96,0.66,18.54,1.73,28.27,76.76,0.36,240.77,0,0,74.54,-0.04,125.21
2025-10-10,62.81,144.84,29.85,42.3,7.26,0.51,30.96,1.52,28.27,75.14,0.37,196.08,0,0,85.44,-0.07,129.89
2025-10-11,56.14,114.49,21.32,33.81,5.81,0.54,35.49,0.88,28.27,75.62,0.36,208.31,0,0,82.38,-0.07,109.66
2025-10-12,60.61,109.76,10.11,12.01,5.36,0.42,40.06,0.48,28.27,74.79,0.79,190.33,0,0,107.12,-0.14,106.51
2025-10-13,33.9,61.71,6.73,21.29,4.11,0.4,26.68,0.16,28.27,80.18,0.54,255.27,0,0,44.76,-0.08,61.71
2025-10-14,47.57,90.31,2.63,22.06,5.68,0.4,48.78,0.54,28.27,69.37,1.02,189.08,0,0,152.93,-0.16,90.31
2025-10-15,64.96,117.43,2.21,16.81,7.7,0.36,69.75,0.26,28.27,66.59,1.03,225.79,0,0,116.66,-0.15,116.53
2025-10-16,72.62,130.05,1.74,19.35,10.64,0.37,74.84,0.31,28.27,68.51,0.82,211.47,0,0,108.32,-0.15,142.07
2025-10-17,73.23,129.42,2.03,18.65,10.07,0.39,76.64,0.19,28.27,68.34,0.83,229.02,0,0,105.39,-0.15,144.10
2025-10-18,57.69,97.69,2.79,17.19,7.43,0.35,62.32,0.06,28.27,72.92,0.74,222.51,0,0,80.58,-0.14,97.69
2025-10-19,19.74,38.68,8.6,14,5.2,0.26,18.41,0.02,28.27,75.97,0.47,262.29,0,0,79.83,-0.09,38.68
2025-10-20,75.45,114.54,6.63,13.63,7.9,0.21,23.83,0.01,28.27,74.15,0.79,252.26,0,0,110.09,-0.14,151.50
2025-10-21,28.21,52.3,2.72,9.89,4.49,0.21,23.83,0.12,28.27,72.31,1.22,240.07,0,0,118.26,-0.15,52.30
2025-10-22,30.24,52.2,3.6,15.6,5.15,0.26,26.34,0.1,28.27,77.46,0.79,241.6,0,0,57.53,-0.14,52.20
2025-10-23,26.66,46.27,4.77,18.88,4.6,0.4,20.36,0.52,28.27,79.73,0.65,238,0,0,91.89,-0.13,46.27
2025-10-24,25.19,45.85,6.55,31.08,6.69,1.2,16.21,0.39,28.27,76.18,0.51,277.97,0,0,77.53,-0.09,60.00
2025-10-25,34.3,61.46,4.84,21.54,7.79,0.29,28.19,0.42,28.27,72.96,0.69,252.38,0,0,107.36,-0.13,61.46
2025-10-26,19.67,42.29,4.1,17.93,6.85,0.3,27.11,0.31,28.27,72.05,0.85,267.08,0,0,110.77,-0.12,42.29
2025-10-27,16.51,32.1,4.23,15.22,5.36,0.23,26.98,0.45,28.27,80.58,1.46,270.29,0,0,26.93,-0.14,32.10
2025-10-28,15.85,40.08,1.29,4.95,5.35,0.15,27.65,0.27,28.27,84.98,2.57,198.45,0,0,28.5,-0.22,40.08
2025-10-29,22.54,47.72,7.05,23.22,10.21,0.21,26.04,1.14,28.27,83.85,2.82,158.31,0.07,0.9,14.62,0.15,47.72
2025-10-30,33.67,82.09,14.77,42.98,11.79,0.37,16.55,3.56,28.27,79.15,0.5,209.42,0.33,10,17.67,0,82.09
2025-10-31,46.52,130.32,17.39,47.73,22.87,0.49,18.85,4.79,28.27,74.35,0.81,229.39,0,0,104.4,0.03,120.21
2025-11-01,47.21,119.14,16.94,45.83,9.54,0.44,34.02,3.69,28.27,72.74,0.36,216.7,0.33,31.3,107.34,-0.05,112.76
2025-11-02,54.03,116.64,7.84,37,6.36,0.37,45.18,2.43,28.27,85.33,0.3,244.33,5.7,34.2,13.5,0.04,111.09
2025-11-03,40.5,75.19,10.32,32.55,9.11,0.35,38.97,5.19,28.27,73.17,0.34,163.47,0,0,22.39,-0.06,75.19
2025-11-04,53.45,114.66,13.09,38.11,7.96,0.37,34.39,3.66,28.27,74.71,0.37,211.83,0,0,91.25,-0.06,109.77
2025-11-05,57.2,126.88,13.96,45.76,13.3,0.41,35.66,5.72,28.27,75,0.42,223.55,0,0,97.21,-0.06,117.92
2025-11-06,65.83,153.27,20.55,51.08,9.56,0.5,46.89,4.21,28.27,73.49,0.35,206.17,0,0,88.79,-0.07,135.51
2025-11-07,78.01,187.19,12.18,59.66,9.3,0.6,49.11,7.33,28.27,67.31,0.47,247.2,0,0,84.44,-0.09,160.03
2025-11-08,72.44,205.32,10.63,57.39,10.84,0.43,59.98,6.82,28.27,62.75,0.53,240.64,0,0,98.09,-0.09,170.21
2025-11-09,71.21,140.96,2.83,32.75,22.07,0.34,91.98,1.67,28.27,58.81,0.45,253.36,0,0,96.35,-0.09,137.37
2025-11-10,92.92,213.11,9.01,49.38,21.63,0.37,86.32,4.83,28.27,65.85,0.48,226.03,0,0,93.15,-0.1,209.73
2025-11-11,86.43,171.11,9.76,35.83,17.4,0.39,99.4,3.6,28.27,66.17,0.43,222.09,0,0,91.17,-0.1,188.10
2025-11-12,85.75,157.28,1.7,25.05,23.12,0.37,122.49,1.39,28.27,59.42,0.63,210.62,0,0,110.92,-0.14,185.83
2025-11-13,81.82,159.65,4.6,41.19,30.52,0.39,115.47,2.05,28.27,53.99,0.63,253.72,0,0,104.33,-0.11,172.73
2025-11-14,102.21,210.97,8.8,64.69,19.81,0.49,98.36,9.08,28.27,59.52,0.48,255.84,0,0,98.07,-0.08,240.70
2025-11-15,94.86,187.5,5.58,58.4,19.93,0.52,102.42,3.62,28.27,58.74,0.5,280.78,0,0,99.19,-0.08,216.20
2025-11-16,84.34,173.91,4.9,36.82,21.45,0.43,120.85,3,28.27,57.55,0.63,263.24,0,0,98.69,-0.11,181.13
2025-11-17,72.22,148.54,2.44,35.39,23.07,0.4,111.35,0.93,28.27,55.89,0.58,273.22,0,0,93.73,-0.11,140.73
2025-11-18,67.05,131.78,5.28,32.3,18.16,0.36,99.94,1.21,28.27,57.08,0.61,258.74,0,0,97.25,-0.1,123.50
2025-11-19,60.21,118.69,10.82,37.56,14.65,0.38,79.64,1.03,28.27,60.58,0.54,274.31,0,0,104.21,-0.09,112.46
2025-11-20,37.4,80.38,16.16,21.79,8.45,0.24,65.06,0.88,28.27,66.81,0.76,263.02,0,0,97.97,-0.14,80.38
2025-11-21,38.71,78.44,28.64,14.25,8.28,0.28,67.09,0.77,28.27,70.75,0.88,233.93,0,0,98.08,-0.17,78.44
2025-11-22,35.53,67.54,37.3,13.23,5.51,0.23,53.39,0.44,28.27,74.91,0.64,218.16,0,0,95.2,-0.14,67.54
2025-11-23,48.99,85.53,33.85,11.33,7.62,0.29,64.73,0.73,28.27,73.36,0.57,205.91,0,0,89.33,-0.13,85.53
2025-11-24,79.98,132.08,34.33,16.86,13.39,0.34,63.63,0.52,28.27,70.28,0.74,231.57,0,0,89.34,-0.16,166.60
2025-11-25,122.02,200.22,32.19,18.76,18.26,0.39,68.52,1.12,28.27,66.44,0.56,253.83,0,0,87.57,-0.12,301.55
2025-11-26,132.94,218.97,29.45,24.99,21.72,0.5,94.06,1.08,28.27,67.22,0.59,251.29,0,0,84.66,-0.13,309.95
2025-11-27,106.03,188.23,14.91,30.41,18.39,0.37,72.58,1.43,28.27,61.93,0.59,258.47,0,0,88.48,-0.12,253.43
2025-11-28,70.47,133.29,2.6,24.95,14.06,0.31,60.22,0.22,28.27,59.38,0.6,276.67,0,0,91.4,-0.1,134.90
2025-11-29,40.07,79.69,3.54,21.26,6.73,0.42,35,0.07,28.27,69.97,0.74,258.79,0,0,77.16,-0.12,79.69
2025-11-30,37.2,72.6,2.78,20.07,8.93,0.55,43.27,0.01,28.27,72.4,0.69,239.43,0,0,80.33,-0.13,72.60
2025-12-01,72.08,118.59,21.57,35.82,11.66,0.83,44.06,0.05,28.27,73.34,0.53,295.06,0,0,40.14,-0.06,140.27
2025-12-02,67.47,115.74,24.88,26.97,8.39,0.77,47.51,0.01,28.27,70.44,0.42,266.11,0,0,42.22,-0.07,124.90
2025-12-03,95.79,163.99,2.78,31.36,11.13,0.93,57.37,0.01,28.27,68.04,0.53,275.05,0,0,67.26,-0.07,219.30
2025-12-04,117.23,199.09,2.07,31.96,30.89,0.98,71.78,0.01,28.27,64.55,0.67,210.84,0,0,102.16,-0.17,290.77
2025-12-05,109.5,197.28,2.11,35.29,19.06,0.94,57.55,0.01,28.27,64.69,0.64,266.5,0,0,84.44,-0.13,265.00
2025-12-06,89.65,171.22,2.76,43.38,19.38,0.83,49.06,0.01,28.27,62.84,0.55,275.46,0,0,86.11,-0.1,198.83
2025-12-07,80.52,157.64,5.62,54.72,29.48,0.78,55.32,0.42,28.27,62.39,0.55,284.57,0,0,88.97,-0.09,168.40
2025-12-08,92.85,221.57,22.91,88.68,29.24,0.81,45.22,2.19,28.27,65.35,0.5,263.83,0,0,89.01,-0.09,209.50
2025-12-09,93.92,246.91,24.61,82.33,29.83,0.74,48.21,1.7,28.27,63.99,0.44,268.6,0,0,86.89,-0.09,213.07
2025-12-10,110.09,248.62,11.59,82.03,20.21,0.73,58.43,2.35,28.27,63.87,0.52,268.36,0,0,84.11,-0.09,266.97
2025-12-11,99.51,195.16,17.76,68.91,24.83,0.75,62.17,1.27,28.27,58.56,0.49,278.93,0,0,84.59,-0.09,231.70
2025-12-12,93.59,286.27,52.62,95.62,21.52,0.91,40.82,4.33,28.27,61.14,0.44,257.03,0,0,93.89,-0.09,236.27
2025-12-13,88.19,237.92,32.6,79.51,33.87,0.57,47.41,2.06,28.27,63.1,0.49,245.66,0,0,87.01,-0.1,193.97
2025-12-14,118.99,283.2,17.93,71.11,23.33,0.52,58.7,2.06,28.27,67.6,0.46,239.4,0,0,81.27,-0.1,296.63
2025-12-15,116.53,208.67,3.26,48.46,20.91,0.54,73.2,0.43,28.27,65.32,0.5,273.71,0,0,82.61,-0.1,288.43
2025-12-16,83.66,148.47,5.74,40.98,11.4,0.55,63.33,0.18,28.27,69.95,0.46,261.43,0,0,84.43,-0.09,178.87
2025-12-17,109.71,197,45.13,83.34,12.36,0.87,39.37,0.12,28.27,72.4,0.38,260.67,0,0,84.01,-0.08,265.70
2025-12-18,168.96,335.56,68.11,124.13,38.42,0.89,47.83,0.15,28.27,70.24,0.43,243.15,0,0,80.23,-0.1,337.66
2025-12-19,166.75,329.04,48.41,136.42,39.42,0.97,43.41,0.17,28.27,67.14,0.31,222.43,0,0,82.91,-0.08,335.96
2025-12-20,135.31,303.23,49.12,119.85,19.81,1,41.46,0.26,28.27,64.05,1.05,248.04,0,0,79.78,-0.08,311.78
2025-12-21,131.23,317.53,31.87,68.7,7.73,1.34,42.94,0.36,28.27,70.04,1.03,253.71,0,0,75.97,-0.09,308.64
2025-12-22,123.99,221.46,5.82,49.24,9.39,1.28,55.43,0.12,28.27,68.34,1.56,263.17,0,0,76.22,-0.09,303.07
2025-12-23,135.48,283.02,32.2,74.17,10.34,1.52,40,0.16,28.27,69.61,0.92,247.57,0,0,77.42,-0.09,311.91
2025-12-24,144.43,284.62,25.23,72.6,13.75,1.55,41.28,0.11,28.27,69.6,1.2,255.7,0,0,82.52,-0.08,318.79
2025-12-25,125.44,235.44,17,45.88,19.54,1.23,53.45,0.23,28.27,69.6,1.29,250.58,0,0,77.5,-0.09,304.18
2025-12-26,142.22,255.92,14.81,53.86,13.46,1.36,48.63,0.08,28.27,71.12,0.36,264,0,0,75.61,-0.1,317.09
2025-12-27,141.47,289.62,21.8,62.13,14.25,1.3,47.05,0.12,28.27,70.19,0.34,249.43,0,0,78.48,-0.09,316.52
2025-12-28,139.22,271.05,27.72,56.83,13.76,1.29,51.35,0.13,28.27,68.6,0.31,245.18,0,0,81.18,-0.09,314.78
2025-12-29,135.56,306.18,29.56,64.59,16.86,1.36,52.43,0.15,28.27,70.85,0.3,252.54,0,0,77.84,-0.1,311.97
2025-12-30,121.19,257.16,9.66,48.16,18.63,1.21,64.29,0.1,28.27,74.32,0.3,249.78,0,0,76.49,-0.1,300.92
2025-12-31,138.49,301.27,30.36,63.23,15.2,1.19,53.44,0.09,28.27,74.88,0.3,238.1,0,0,88.82,-0.11,314.22
